,KEY_CODE,predicted_2021,predicted_2022,predicted_2023,predicted_2024
0,1720101004,1,0,0,0
1,1720101005,20,12,6,12
2,1720101006,18,7,13,9
3,1720101007,7,8,5,14
4,1720101008,47,31,16,40
5,1720101009,3,2,2,4
6,1720101010,11,7,6,11
7,1720101011,14,17,9,16
8,1720101012,3,4,3,2
9,1720101013,7,2,7,6
10,1720101014,8,7,3,7
11,1720101015,11,3,5,1
12,1720101016,3,4,2,1
13,1720101017,11,13,10,11
14,1720101018,59,41,39,48
15,1720101019,25,16,20,21
16,1720101020,380,356,339,344
17,1720101021,30,24,32,33
18,1720101022,9,5,4,3
19,1720101023,208,148,171,135
20,1720101024,273,232,242,246
21,1720101025,114,113,113,109
22,1720101026,204,173,191,196
23,1720101028,24,21,19,26
24,1720101029,5,3,2,1
25,1720101030,204,168,208,220
26,1720101031,250,232,224,217
27,1720101034,1,0,3,0
28,1720101036,33,17,22,24
29,1720101037,1,3,2,4
30,1720101038,0,0,0,0
31,1720101039,11,10,7,7
32,1720101042,39,27,31,28
33,1720101043,1,0,0,0
34,1720101044,0,2,1,1
35,1720101045,29,12,20,23
36,1720101046,1,1,1,1
37,1720101047,9,4,11,6
38,1720101054,11,12,9,14
39,1720101055,10,16,18,16
40,1720101056,0,0,0,0
41,1720101057,0,0,0,0
42,1720101058,3,3,4,5
43,1720101059,4,1,4,4
44,1720101060,4,1,4,4
45,1720101061,19,18,13,10
46,1720101062,9,11,7,12
47,1720101063,14,23,10,15
48,1720101064,8,2,0,4
49,1720101065,29,23,26,45
50,1720101066,10,8,7,9
51,1720101067,3,1,1,2
52,1720101068,14,10,8,14
53,1720101069,8,4,4,6
54,1720101071,3,1,4,1
55,1720101072,23,21,22,15
56,1720101073,10,8,11,11
57,1720101074,5,7,2,3
58,1720101075,12,12,10,6
59,1720101076,28,28,17,26
60,1720101077,5,3,1,2
61,1720101078,8,8,9,7
62,1720101079,1,0,0,0
63,1720101080,1,3,2,1
64,1720101081,24,11,15,10
65,1720101082,11,9,5,5
66,1720101083,13,4,6,9
67,1720101084,1,1,1,0
68,1720101085,1,0,0,3
69,1720101086,0,0,0,1
70,1720101087,6,6,6,5
71,1720101088,43,40,28,35
72,1720101089,5,10,4,1
73,1720101090,4,1,1,3
74,1720101091,14,5,3,13
75,1720101092,1,0,0,0
76,1720101093,2,2,1,2
77,1720101094,4,3,1,1
78,1720101095,3,1,1,2
79,1720101096,6,1,1,8
80,1720101097,0,1,2,2
81,1720101098,8,9,8,11
82,1720101099,3,0,0,1
83,1720101100,1,2,4,3
84,1720101101,2,1,2,1
85,1720101102,5,2,6,6
86,1720101105,36,24,20,27
87,1720101106,13,3,9,10
88,1720101107,19,12,19,26
89,1720101108,49,34,36,43
90,1720101109,121,73,69,93
91,1720101110,176,147,139,160
92,1720101111,334,266,291,302
93,1720101112,120,81,82,107
94,1720101113,123,82,83,119
95,1720101114,238,135,144,231
96,1720101115,48,45,48,49
97,1720101116,31,30,18,28
98,1720101117,13,15,11,14
99,1720101118,31,33,19,25
100,1720101119,14,11,6,9
101,1720101120,2,0,1,1
102,1720101121,71,44,57,64
103,1720101122,260,168,209,233
104,1720101123,246,187,195,218
105,1720101124,6,4,4,4
106,1720101125,0,0,0,1
107,1720101128,71,37,55,62
108,1720101129,146,88,109,133
109,1720101130,53,31,30,43
110,1720101131,92,71,66,91
111,1720101132,161,117,65,71
112,1720101133,11,10,8,5
113,1720101134,12,7,3,7
114,1720101135,27,18,15,12
115,1720101136,26,14,20,21
116,1720101137,6,6,4,6
117,1720101138,0,0,0,0
118,1720101139,6,4,1,2
119,1720101140,0,2,1,1
120,1720101141,6,9,6,6
121,1720101142,13,12,6,11
122,1720101143,12,9,7,5
123,1720101144,0,0,0,0
124,1720101145,72,58,64,70
125,1720101146,218,169,212,230
126,1720101147,405,344,312,395
127,1720101148,53,38,47,40
128,1720101149,533,419,370,493
129,1720101150,584,491,519,553
130,1720101151,620,547,528,589
131,1720102001,48,45,34,46
132,1720102002,75,41,54,54
133,1720102003,85,66,73,87
134,1720102004,315,212,249,309
135,1720102005,91,48,62,87
136,1720102006,55,52,35,45
137,1720103001,33,17,25,28
138,1720103002,20,20,18,26
139,1720103003,70,48,51,68
140,1720103004,15,11,8,15
141,1720103005,8,4,4,9
142,1720103006,17,16,11,12
143,1720103007,6,10,6,10
144,1720103008,3,5,4,5
145,1720103009,8,6,6,8
146,1720104001,3,4,5,4
147,1720104002,11,9,5,10
148,1720104003,6,4,3,5
149,1720104004,0,0,0,0
150,1720104005,12,6,4,9
151,1720104006,8,5,2,5
152,1720104007,12,6,8,3
153,1720105002,33,29,31,30
154,1720105003,50,39,40,44
155,1720105004,29,15,18,32
156,1720105005,4,3,3,0
157,1720105006,11,11,6,10
158,1720105007,10,6,8,11
159,1720105009,2,1,2,1
160,1720106001,191,150,168,164
161,1720106002,83,58,71,74
162,1720106003,101,77,78,99
163,1720106004,2,1,2,0
164,1720106005,52,35,20,31
165,1720106006,29,14,15,26
166,1720106007,14,10,10,16
167,1720106008,3,2,2,3
168,1720106009,3,7,3,8
169,1720106010,1,0,3,1
170,1720106011,155,96,65,148
171,1720106012,54,26,26,46
172,1720106013,12,7,2,12
173,1720106014,2,2,1,3
174,1720106015,19,23,16,14
175,1720106016,2,2,1,2
176,1720106018,3,2,1,1
177,1720106019,36,35,31,38
178,1720107001,11,7,7,4
179,1720107002,36,26,34,29
180,1720107003,25,16,17,15
181,1720107004,66,46,49,55
182,1720107005,7,4,7,8
183,1720107006,0,2,2,4
184,1720107007,0,0,0,0
185,1720107008,24,20,16,21
186,1720107009,18,16,10,18
187,1720107010,47,32,22,18
188,1720107011,2,0,0,0
189,1720107012,8,4,9,9
190,1720108001,1,0,0,1
191,1720108002,0,0,0,0
192,1720108003,2,2,0,2
193,1720108004,0,0,0,2
194,1720108006,12,6,7,8
195,1720108007,33,24,22,23
196,1720108008,88,100,95,111
197,1720108009,24,15,23,29
198,1720108010,107,90,81,110
199,1720108011,21,14,14,16
200,1720108012,65,60,52,55
201,1720108013,34,39,28,39
202,1720108014,14,17,13,16
203,1720108015,3,4,4,5
204,1720108016,3,2,2,3
205,1720108017,107,86,82,81
206,1720108018,179,166,152,162
207,1720108019,27,18,7,17
208,1720108020,14,12,4,4
209,1720108021,18,9,6,8
210,1720108022,13,12,4,12
211,1720108023,15,6,4,8
212,1720108024,23,13,9,13
213,1720108025,63,34,33,53
214,1720108026,2,1,3,4
215,1720108027,8,12,7,13
216,1720108028,17,24,14,23
217,1720108029,18,13,5,17
218,1720108030,5,4,4,7
219,1720108031,15,8,12,16
220,1720108032,6,8,6,5
221,1720108033,9,9,3,8
222,1720108034,79,44,57,71
223,1720108035,69,54,38,55
224,1720108036,54,47,40,53
225,1720108037,28,19,22,29
226,1720108038,24,20,9,16
227,1720108039,23,20,8,16
228,1720108041,32,16,20,31
229,1720108042,4,3,2,2
230,1720109001,940,737,803,904
231,1720110001,402,334,361,359
232,1720111001,162,106,135,164
233,1720111002,616,555,559,587
234,1720111003,194,150,153,171
235,1720111004,11,13,6,13
236,1720111005,4,0,0,0
237,1720111007,75,57,55,70
238,1720111008,24,16,18,17
239,1720111009,343,287,300,330
240,1720111010,353,304,280,338
241,1720111011,14,9,4,14
242,1720111012,0,0,0,1
243,1720111013,2,2,0,2
244,1720111014,5,2,3,6
245,1720111015,3,0,1,1
246,1720111016,3,4,2,2
247,1720111017,9,5,5,6
248,1720111018,0,1,1,1
249,1720111019,5,6,2,1
250,1720111020,10,9,7,7
251,1720111021,3,2,3,4
252,1720111022,5,3,1,4
253,1720111023,5,0,1,5
254,1720111024,8,9,7,5
255,1720111025,0,1,0,0
256,1720111026,1,1,1,0
257,1720111028,192,134,147,186
258,1720112001,23,9,15,27
259,1720112002,21,14,13,19
260,1720112003,7,6,9,11
261,1720112004,2,1,0,0
262,1720112005,54,34,42,51
263,1720112006,30,29,22,26
264,1720112007,21,16,14,18
265,1720112008,101,103,94,92
266,1720112009,12,12,7,12
267,1720112010,46,35,27,42
268,1720112011,47,43,32,48
269,1720112012,13,9,10,12
270,1720112013,2,1,0,1
271,1720112014,1,0,0,0
272,1720112015,9,7,7,5
273,1720112016,0,0,0,0
274,1720112017,18,14,13,21
275,1720112018,9,3,0,0
276,1720112019,1,1,1,1
277,1720112020,4,4,2,5
278,1720112021,22,22,23,28
279,1720112022,32,22,23,32
280,1720112023,68,54,61,64
281,1720112024,10,8,5,9
282,1720112025,4,1,0,3
283,1720112026,18,19,13,15
284,1720112027,28,22,16,22
285,1720112028,42,33,21,25
286,1720112029,32,31,25,32
287,1720112030,0,0,0,0
288,1720112031,23,12,20,21
289,1720112032,27,20,14,17
290,1720112033,9,2,5,3
291,1720112034,46,37,19,32
292,1720112035,32,21,23,25
293,1720112036,43,29,20,41
294,1720112037,37,18,20,31
295,1720112038,251,181,155,236
296,1720112039,109,83,74,100
297,1720112040,91,74,53,84
298,1720112999,1,2,0,0
299,1720113001,27,12,18,19
300,1720113002,27,14,26,33
301,1720113003,153,142,142,125
302,1720113004,204,151,161,179
303,1720113005,78,59,58,56
304,1720113006,1,0,1,0
305,1720113007,6,6,8,2
306,1720201001,125,125,75,56
307,1720201002,3,3,1,2
308,1720201004,14,14,10,8
309,1720201005,15,15,9,5
310,1720201006,24,24,13,12
311,1720201007,95,95,70,70
312,1720201008,57,57,48,52
313,1720201009,30,30,29,23
314,1720201010,232,232,192,178
315,1720201011,97,97,87,83
316,1720201012,247,247,196,163
317,1720201013,108,108,90,89
318,1720201014,311,311,219,222
319,1720201015,215,215,168,172
320,1720201016,87,87,84,66
321,1720201017,50,50,33,27
322,1720201018,98,98,67,51
323,1720201019,8,8,5,1
324,1720201020,101,101,78,53
325,1720201021,25,25,20,21
326,1720201022,38,38,30,18
327,1720201023,306,306,229,171
328,1720201024,67,67,44,47
329,1720201025,25,25,23,13
330,1720201026,34,34,24,20
331,1720201027,39,39,19,18
332,1720201028,363,363,301,261
333,1720201029,0,0,0,0
334,1720201030,0,0,3,1
335,1720201031,193,193,131,136
336,1720201032,122,122,100,96
337,1720201033,233,233,146,162
338,1720201034,170,170,150,137
339,1720201035,127,127,112,116
340,1720201036,100,100,82,72
341,1720201037,187,187,145,133
342,1720201038,394,394,365,371
343,1720201039,138,138,120,133
344,1720201040,373,373,344,331
345,1720201041,47,47,37,32
346,1720201042,53,53,45,37
347,1720201043,295,295,205,168
348,1720202001,125,125,86,97
349,1720202002,36,36,21,20
350,1720202003,45,45,24,29
351,1720202004,30,30,23,23
352,1720202005,121,121,71,85
353,1720202006,7,7,5,0
354,1720202007,18,18,15,13
355,1720202008,4,4,2,2
356,1720202009,44,44,39,33
357,1720203001,84,84,68,31
358,1720203003,9,9,6,1
359,1720203004,1,1,1,1
360,1720203005,19,19,9,8
361,1720203006,3,3,3,2
362,1720203007,1,1,0,0
363,1720203008,5,5,3,1
364,1720203009,1,1,0,0
365,1720203010,9,9,6,9
366,1720203013,10,10,9,4
367,1720203014,6,6,4,1
368,1720203015,30,30,28,30
369,1720204001,256,256,305,262
370,1720204002,157,157,126,123
371,1720204003,119,119,93,78
372,1720204004,10,10,7,7
373,1720205001,23,23,19,14
374,1720205002,47,47,37,26
375,1720205003,51,51,47,41
376,1720205004,262,262,221,212
377,1720205005,3,3,2,3
378,1720205007,53,53,35,48
379,1720205008,114,114,82,61
380,1720205009,125,125,111,108
381,1720206001,217,217,184,154
382,1720206002,98,98,87,75
383,1720206003,57,57,38,48
384,1720206004,79,79,73,70
385,1720206005,126,126,103,104
386,1720206006,199,199,213,251
387,1720206007,311,311,284,204
388,1720206008,120,120,98,72
389,1720207001,103,103,96,90
390,1720207002,400,400,381,382
391,1720207003,34,34,29,31
392,1720207004,141,141,96,104
393,1720208001,229,229,200,179
394,1720208002,89,89,71,75
395,1720208003,70,70,45,52
396,1720209001,376,376,308,296
397,1720209002,93,93,87,87
398,1720209003,135,135,114,110
399,1720210001,115,115,103,95
400,1720210002,136,136,125,103
401,1720210003,137,137,114,112
402,1720210004,64,64,60,63
403,1720210005,218,218,191,205
404,1720210006,46,46,36,33
405,1720210007,263,263,241,244
406,1720211001,213,213,179,176
407,1720211002,97,97,35,76
408,1720211003,34,34,38,18
409,1720211004,71,71,60,53
410,1720211005,58,58,47,37
411,1720211006,131,131,112,109
412,1720212001,20,20,11,10
413,1720212002,6,6,3,4
414,1720212003,121,121,105,69
415,1720212004,104,104,80,51
416,1720212005,16,16,10,7
417,1720212006,4,4,6,4
418,1720212007,18,18,16,15
419,1720212008,67,67,57,57
420,1720212009,42,42,35,37
421,1720213001,299,299,243,250
422,1720214001,251,251,205,236
423,1720214002,73,73,53,39
424,1720214003,169,169,169,141
425,1720214004,46,46,35,29
426,1720214005,42,42,24,25
427,1720214006,45,45,21,28
428,1720214007,73,73,40,49
429,1720214008,78,78,58,54
430,1720214009,3,3,6,1
431,1720215001,53,53,48,40
432,1720215002,113,113,98,98
433,1720215003,144,144,128,109
434,1720215004,102,102,90,72
435,1720215005,195,195,166,160
436,1720215006,47,47,39,32
437,1720215007,55,55,54,42
438,1720216001,436,436,403,355
439,1720216002,59,59,35,41
440,1720216003,29,29,23,18
441,1720216004,14,14,15,10
442,1720217001,84,84,63,66
443,1720217002,97,97,84,72
444,1720217003,76,76,63,61
445,1720217004,31,31,22,18
446,1720217005,89,89,65,58
447,1720217006,30,30,27,29
448,1720217007,3,3,5,3
449,1720217008,19,19,15,18
450,1720217009,25,25,16,18
451,1720299999,14,14,14,7
452,1720301001,4,5,4,7
453,1720301002,2,1,2,2
454,1720301003,16,14,10,13
455,1720301004,41,33,29,41
456,1720301005,8,10,7,9
457,1720301006,254,216,217,237
458,1720301007,74,67,68,71
459,1720301008,62,56,58,50
460,1720301009,79,67,65,76
461,1720301010,40,34,33,40
462,1720301011,109,75,90,100
463,1720301012,96,98,86,106
464,1720301013,58,41,47,49
465,1720301014,20,18,18,22
466,1720301015,74,35,55,51
467,1720301016,56,33,29,32
468,1720301017,127,106,95,113
469,1720301018,118,103,116,126
470,1720301019,213,181,178,206
471,1720301020,113,82,87,99
472,1720301021,88,69,79,74
473,1720301022,48,32,43,41
474,1720301023,26,20,14,20
475,1720301024,107,94,95,88
476,1720301025,43,38,24,40
477,1720301026,228,211,218,214
478,1720301027,86,77,82,80
479,1720301028,443,394,390,366
480,1720301029,77,67,70,69
481,1720301030,64,55,52,60
482,1720301031,350,361,288,349
483,1720301032,139,126,126,143
484,1720301033,66,58,65,67
485,1720301034,201,168,180,200
486,1720301035,2,0,0,2
487,1720301036,181,144,152,166
488,1720301037,74,14,20,33
489,1720301038,120,90,90,99
490,1720301039,65,51,46,62
491,1720301040,164,149,147,167
492,1720301041,92,82,82,87
493,1720301042,40,33,38,37
494,1720301043,433,357,398,402
495,1720301044,14,12,14,14
496,1720301046,12,5,7,12
497,1720301047,44,37,38,47
498,1720301048,47,39,46,43
499,1720301049,186,179,174,182
500,1720301050,77,64,64,62
501,1720301051,112,91,102,114
502,1720301052,281,217,233,246
503,1720301053,220,170,210,208
504,1720301054,50,27,43,60
505,1720301055,213,165,227,176
506,1720301056,383,306,346,325
507,1720301057,126,113,115,119
508,1720301058,251,220,223,241
509,1720301059,484,435,426,445
510,1720301060,27,25,26,25
511,1720301061,294,266,269,286
512,1720301062,19,14,10,17
513,1720301063,64,60,62,58
514,1720301064,298,281,275,288
515,1720301065,273,212,232,243
516,1720301066,26,11,10,18
517,1720301067,166,111,136,163
518,1720301069,9,6,3,6
519,1720301070,83,75,57,79
520,1720301071,19,12,15,9
521,1720301072,35,29,26,32
522,1720301073,16,14,31,13
523,1720301074,28,17,18,26
524,1720301075,58,50,39,56
525,1720301076,125,81,100,126
526,1720301077,126,105,108,128
527,1720301078,224,190,192,226
528,1720301079,206,163,193,204
529,1720301080,131,96,101,121
530,1720301081,406,365,378,384
531,1720301902,21,19,14,19
532,1720302001,402,328,356,384
533,1720302002,172,150,156,184
534,1720302003,65,60,57,62
535,1720303001,189,161,170,174
536,1720303002,197,140,127,156
537,1720303003,147,118,124,110
538,1720303004,55,32,37,51
539,1720303005,9,11,5,9
540,1720303006,37,27,4,18
541,1720303007,99,63,22,34
542,1720304001,231,190,195,241
543,1720304002,258,231,225,249
544,1720304003,178,144,148,161
545,1720304004,7,0,0,0
546,1720304005,57,44,49,50
547,1720305001,135,126,123,102
548,1720305002,110,118,115,102
549,1720305003,68,44,45,55
550,1720305004,20,18,17,18
551,1720305005,12,13,8,9
552,1720305006,35,22,27,29
553,1720305008,3,4,2,4
554,1720305009,10,8,5,9
555,1720305010,47,36,34,46
556,1720306001,93,69,77,88
557,1720306002,21,16,14,17
558,1720306003,80,66,78,68
559,1720306004,103,75,79,93
560,1720306005,66,33,46,52
561,1720306006,78,65,66,73
562,1720306007,40,30,33,33
563,1720308001,138,115,126,125
564,1720308002,180,169,157,186
565,1720308003,245,210,200,226
566,1720308004,53,36,47,48
567,1720308005,26,13,15,30
568,1720308006,53,38,45,52
569,1720308007,18,13,12,16
570,1720308008,14,12,13,17
571,1720308009,40,37,24,48
572,1720309001,76,66,62,57
573,1720309002,60,48,46,57
574,1720309003,64,46,47,53
575,1720309004,77,41,76,46
576,1720309005,101,82,89,94
577,1720309006,149,109,129,123
578,1720309007,48,39,40,48
579,1720309008,119,93,99,116
580,1720309009,109,103,107,103
581,1720309010,176,154,159,163
582,1720309011,81,37,25,41
583,1720309012,148,111,109,118
584,1720309013,30,25,24,31
585,1720309014,91,59,57,61
586,1720309015,71,59,46,65
587,1720310001,38,27,24,35
588,1720310002,21,15,17,22
589,1720310003,97,69,69,85
590,1720310004,26,19,13,22
591,1720310005,33,25,30,29
592,1720310006,50,36,42,46
593,1720310007,53,31,45,46
594,1720310008,30,16,25,21
595,1720310009,1,1,2,1
596,1720310010,2,1,4,1
597,1720310011,0,0,1,0
598,1720401001,2,2,4,1
599,1720402001,251,251,228,56
600,1720402002,151,151,142,70
601,1720402003,97,97,81,47
602,1720402004,86,86,87,67
603,1720402005,90,90,80,53
604,1720402006,2,2,2,1
605,1720402007,70,70,72,34
606,1720402008,90,90,56,45
607,1720402010,216,216,171,123
608,1720402011,138,138,125,63
609,1720402012,217,217,139,66
610,1720402013,69,69,67,38
611,1720402014,30,30,16,10
612,1720402015,33,33,33,17
613,1720402016,15,15,11,9
614,1720402017,121,121,113,76
615,1720402018,131,131,116,53
616,1720402019,112,112,98,65
617,1720402020,53,53,26,31
618,1720402021,60,60,29,22
619,1720402022,8,8,4,1
620,1720402023,83,83,75,33
621,1720402024,106,106,95,50
622,1720403001,29,29,21,16
623,1720403002,18,18,19,15
624,1720403003,37,37,22,19
625,1720403004,29,29,23,17
626,1720403005,20,20,12,6
627,1720403006,64,64,55,42
628,1720403007,48,48,37,20
629,1720404001,118,118,97,33
630,1720404002,26,26,17,13
631,1720404003,135,135,111,64
632,1720404004,52,52,46,27
633,1720404005,113,113,70,29
634,1720404006,9,9,5,1
635,1720404007,13,13,8,0
636,1720404008,5,5,9,5
637,1720404010,3,3,3,6
638,1720404011,3,3,2,1
639,1720404012,8,8,7,5
640,1720404013,2,2,4,0
641,1720404014,14,14,7,8
642,1720404015,88,88,67,32
643,1720404016,7,7,3,0
644,1720404017,14,14,10,12
645,1720404018,105,105,64,40
646,1720404019,49,49,44,56
647,1720404020,52,52,46,29
648,1720404021,43,43,40,33
649,1720405001,54,54,45,33
650,1720405002,63,63,42,18
651,1720405003,31,31,30,18
652,1720405004,45,45,31,30
653,1720405005,5,5,5,4
654,1720405006,23,23,16,23
655,1720405007,10,10,6,3
656,1720405008,54,54,37,46
657,1720405009,44,44,41,32
658,1720405010,3,3,9,7
659,1720405011,8,8,4,4
660,1720406001,10,10,13,8
661,1720406002,29,29,24,13
662,1720406003,93,93,60,33
663,1720406004,41,41,26,24
664,1720406005,76,76,42,36
665,1720406006,31,31,17,13
666,1720407001,58,58,37,37
667,1720407002,51,51,25,25
668,1720407003,15,15,15,11
669,1720407004,19,19,9,6
670,1720407005,28,28,16,17
671,1720407006,15,15,8,10
672,1720407007,177,177,92,82
673,1720407008,69,69,36,25
674,1720407009,0,0,0,2
675,1720407010,15,15,13,7
676,1720407011,4,4,3,2
677,1720407012,34,34,23,19
678,1720408001,72,72,61,43
679,1720408002,69,69,45,42
680,1720408003,68,68,46,33
681,1720408004,15,15,14,10
682,1720408005,21,21,15,17
683,1720408006,116,116,92,70
684,1720408007,100,100,88,66
685,1720408008,16,16,11,2
686,1720408009,25,25,23,18
687,1720408010,139,139,108,85
688,1720408011,96,96,72,70
689,1720408012,139,139,114,114
690,1720408013,66,66,59,38
691,1720409002,28,28,37,33
692,1720409003,7,7,6,6
693,1720409004,172,172,144,68
694,1720409005,73,73,62,36
695,1720409006,104,104,95,75
696,1720409007,27,27,24,28
697,1720409008,38,38,21,32
698,1720409009,2,2,1,1
699,1720409010,2,2,3,0
700,1720409011,4,4,2,3
701,1720409012,6,6,3,2
702,1720409013,13,13,9,9
703,1720409014,0,0,0,0
704,1720409015,9,9,16,12
705,1720409016,78,78,43,40
706,1720410001,13,13,8,8
707,1720410005,104,104,77,73
708,1720410006,73,73,47,45
709,1720410007,23,23,15,14
710,1720410008,13,13,7,12
711,1720410009,10,10,8,3
712,1720410010,39,39,20,26
713,1720410011,65,65,49,39
714,1720410012,7,7,8,1
715,1720410013,0,0,4,3
716,1720410014,76,76,52,57
717,1720410015,30,30,20,31
718,1720410016,20,20,17,5
719,1720410017,197,197,177,116
720,1720410018,16,16,2,3
721,1720410019,1,1,0,1
722,1720410020,65,65,43,27
723,1720410021,35,35,18,9
724,1720410022,13,13,10,7
725,1720410023,36,36,28,12
726,1720410024,40,40,21,18
727,1720411001,17,17,6,5
728,1720411002,123,123,113,38
729,1720411005,0,0,0,0
730,1720411006,38,38,36,15
731,1720412001,16,16,15,14
732,1720412002,103,103,93,74
733,1720412003,28,28,29,16
734,1720412004,65,65,58,25
735,1720412005,30,30,25,8
736,1720412006,35,35,28,14
737,1720412007,27,27,17,8
738,1720412008,0,0,0,0
739,1720412009,16,16,16,11
740,1720412010,5,5,3,2
741,1720412011,4,4,4,4
742,1720412012,7,7,1,3
743,1720412013,5,5,3,6
744,1720412014,7,7,9,2
745,1720412015,34,34,27,22
746,1720413001,14,14,8,4
747,1720413002,4,4,4,3
748,1720413003,7,7,5,3
749,1720413004,0,0,0,0
750,1720413005,10,10,4,4
751,1720413006,1,1,2,0
752,1720413007,10,10,5,5
753,1720413008,2,2,1,0
754,1720413009,7,7,2,4
755,1720414001,20,20,9,10
756,1720414002,21,21,10,9
757,1720414003,48,48,31,14
758,1720414004,42,42,31,33
759,1720414005,67,67,46,40
760,1720414006,37,37,28,17
761,1720414007,25,25,30,17
762,1720414008,16,16,13,10
763,1720414009,58,58,56,37
764,1720414010,21,21,11,11
765,1720414011,92,92,59,36
766,1720414012,29,29,19,17
767,1720414013,2,2,5,4
768,1720414014,23,23,10,10
769,1720414015,3,3,2,5
770,1720415001,1,1,0,0
771,1720501001,2,2,1,2
772,1720502001,17,17,14,10
773,1720502002,69,69,33,8
774,1720502003,5,5,3,0
775,1720502004,0,0,0,0
776,1720502005,12,12,11,7
777,1720502006,26,26,24,19
778,1720502007,6,6,3,1
779,1720502008,30,30,24,19
780,1720502009,66,66,51,49
781,1720502010,19,19,19,11
782,1720502011,12,12,8,3
783,1720502012,24,24,21,7
784,1720502013,7,7,3,3
785,1720502014,45,45,31,21
786,1720502015,130,130,100,61
787,1720502016,70,70,51,41
788,1720502017,58,58,34,17
789,1720502018,47,47,36,12
790,1720502019,3,3,1,2
791,1720502020,0,0,2,0
792,1720502021,1,1,0,0
793,1720502022,10,10,3,4
794,1720502023,2,2,0,0
795,1720502024,59,59,28,29
796,1720502025,19,19,14,10
797,1720502026,21,21,17,3
798,1720502027,50,50,41,18
799,1720502028,27,27,21,8
800,1720502029,37,37,29,9
801,1720502031,0,0,0,1
802,1720502032,4,4,3,2
803,1720502033,0,0,0,0
804,1720503001,35,35,22,11
805,1720503002,71,71,52,57
806,1720503003,77,77,69,32
807,1720503004,17,17,16,13
808,1720503005,7,7,4,5
809,1720503006,43,43,44,22
810,1720503007,33,33,32,28
811,1720503010,2,2,0,1
812,1720503012,2,2,1,0
813,1720503013,146,146,108,73
814,1720503014,119,119,93,52
815,1720504001,2,2,0,1
816,1720504002,19,19,5,5
817,1720504003,45,45,29,28
818,1720504004,12,12,8,5
819,1720504005,16,16,15,12
820,1720504006,14,14,14,9
821,1720504007,9,9,2,3
822,1720504008,19,19,17,16
823,1720504009,42,42,30,33
824,1720504010,39,39,31,15
825,1720504011,13,13,7,5
826,1720504012,20,20,12,7
827,1720504013,9,9,3,4
828,1720504014,22,22,16,14
829,1720504015,19,19,14,5
830,1720505001,16,16,7,11
831,1720505002,21,21,15,16
832,1720505003,65,65,54,22
833,1720505004,14,14,11,4
834,1720505005,48,48,19,17
835,1720505006,24,24,22,16
836,1720505007,8,8,4,1
837,1720505008,15,15,10,4
838,1720505009,33,33,24,19
839,1720505010,48,48,35,13
840,1720505011,36,36,30,16
841,1720505012,34,34,29,21
842,1720505013,67,67,42,22
843,1720505014,59,59,59,25
844,1720505015,45,45,30,18
845,1720505016,40,40,25,4
846,1720505017,51,51,38,21
847,1720505018,76,76,55,23
848,1720505019,125,125,90,42
849,1720505020,109,109,77,37
850,1720505021,125,125,109,54
851,1720506001,71,71,51,51
852,1720506002,28,28,23,21
853,1720506003,37,37,31,30
854,1720506004,15,15,12,8
855,1720506005,68,68,45,27
856,1720506006,119,119,85,48
857,1720507001,16,16,3,8
858,1720507002,5,5,2,5
859,1720507003,36,36,24,17
860,1720507004,74,74,57,39
861,1720507005,9,9,3,4
862,1720507006,98,98,72,47
863,1720507007,59,59,40,11
864,1720507008,65,65,59,33
865,1720507009,74,74,53,20
866,1720507010,49,49,39,17
867,1720507011,108,108,98,59
868,1720507012,68,68,53,18
869,1720507013,4,4,1,1
870,1720507014,33,33,21,15
871,1720507015,55,55,46,18
872,1720507016,69,69,58,39
873,1720507017,169,169,135,70
874,1720507018,10,10,8,5
875,1720507019,59,59,25,22
876,1720507020,28,28,14,8
877,1720508001,10,10,4,2
878,1720508002,27,27,17,7
879,1720508003,11,11,9,8
880,1720508004,11,11,7,5
881,1720508005,35,35,29,22
882,1720508006,0,0,1,0
883,1720508007,1,1,0,0
884,1720508008,26,26,24,11
885,1720508009,47,47,28,16
886,1720508010,40,40,23,21
887,1720508011,23,23,6,5
888,1720508013,8,8,7,4
889,1720508014,14,14,10,7
890,1720508015,21,21,10,8
891,1720508016,17,17,2,13
892,1720508017,16,16,4,8
893,1720508018,37,37,17,17
894,1720508019,1,1,0,1
895,1720508020,11,11,3,2
896,1720508021,7,7,9,6
897,1720508023,0,0,0,0
898,1720508024,19,19,5,5
899,1720508025,1,1,7,3
900,1720508026,2,2,0,0
901,1720508027,9,9,2,6
902,1720508028,13,13,11,6
903,1720508029,0,0,1,0
904,1720508030,24,24,16,9
905,1720508031,68,68,54,43
906,1720508032,98,98,70,53
907,1720508034,61,61,44,26
908,1720509001,3,3,0,0
909,1720509002,3,3,0,0
910,1720509003,127,127,84,28
911,1720509004,2,2,5,2
912,1720509007,1,1,1,1
913,1720509008,6,6,6,5
914,1720601001,61,45,53,58
915,1720601002,60,47,50,67
916,1720601003,50,28,39,45
917,1720601004,96,81,82,89
918,1720601005,272,226,238,257
919,1720601006,31,17,29,32
920,1720601007,7,3,1,8
921,1720601008,10,11,17,13
922,1720601009,126,107,101,138
923,1720601010,17,16,14,18
924,1720601011,0,0,0,0
925,1720602001,112,72,72,86
926,1720602002,173,132,143,167
927,1720602003,78,63,71,74
928,1720602004,6,8,10,8
929,1720602005,382,328,311,368
930,1720602006,284,237,214,279
931,1720602007,164,155,136,180
932,1720602008,339,275,264,303
933,1720602009,219,174,177,222
934,1720603001,308,255,260,289
935,1720603002,265,203,185,271
936,1720603003,203,168,162,205
937,1720603004,91,82,74,81
938,1720603005,81,75,76,77
939,1720603006,147,123,112,147
940,1720603007,43,37,28,41
941,1720603008,60,37,36,64
942,1720603009,50,34,22,45
943,1720603010,156,131,119,156
944,1720603011,106,81,86,93
945,1720603012,3,1,3,2
946,1720603013,166,140,141,157
947,1720603014,144,118,119,126
948,1720603015,159,135,129,155
949,1720603016,0,0,0,0
950,1720604001,113,99,83,103
951,1720604002,213,179,177,196
952,1720604003,49,43,33,46
953,1720604004,268,206,225,262
954,1720604005,300,248,253,309
955,1720605001,74,73,67,75
956,1720605002,195,178,176,186
957,1720605003,20,18,18,19
958,1720605005,129,110,120,99
959,1720605006,0,1,0,1
960,1720606001,24,20,21,13
961,1720607001,103,81,84,101
962,1720607002,75,58,56,76
963,1720607003,40,32,36,37
964,1720607004,31,24,29,29
965,1720607005,15,16,10,8
966,1720608001,178,129,128,158
967,1720608002,124,89,92,124
968,1720608003,56,57,52,59
969,1720608004,239,218,209,239
970,1720608005,246,215,189,231
971,1720608006,186,160,149,159
972,1720609001,83,48,64,75
973,1720609002,119,70,101,126
974,1720609003,124,83,96,123
975,1720609004,62,34,29,33
976,1720609005,77,58,56,65
977,1720609006,14,8,10,10
978,1720609007,86,50,76,74
979,1720610001,106,89,88,98
980,1720610002,261,226,218,247
981,1720610003,69,50,37,59
982,1720610004,57,35,39,60
983,1720610005,54,38,42,55
984,1720610006,43,39,41,52
985,1720610007,131,111,116,128
986,1720610008,137,82,108,142
987,1720610009,93,71,79,92
988,1720611002,1,3,2,4
989,1720611003,136,98,88,121
990,1720611004,132,111,86,124
991,1720611005,16,13,10,15
992,1720611006,61,40,35,64
993,1720611007,125,81,57,95
994,1720611008,61,42,45,54
995,1720612001,120,107,100,97
996,1720612002,276,244,227,276
997,1720612003,55,37,39,55
998,1720612004,286,224,237,281
999,1720612005,317,196,225,311
1000,1720613001,92,82,89,92
1001,1720613002,219,174,187,205
1002,1720613003,180,114,144,154
1003,1720613004,336,280,260,302
1004,1720614001,272,189,185,280
1005,1720614002,38,19,25,38
1006,1720614003,271,223,228,248
1007,1720616001,4,1,3,2
1008,1720616002,44,34,30,36
1009,1720618002,19,8,7,9
1010,1720618003,7,3,8,8
1011,1720618004,4,1,0,4
1012,1720619002,116,68,77,95
1013,1720619003,1,0,1,0
1014,1720620001,40,23,30,44
1015,1720620002,95,54,72,93
1016,1720620003,53,25,39,50
1017,1720620004,27,20,18,25
1018,1720620005,11,4,2,6
1019,1720620006,5,1,6,2
1020,1720620007,0,0,0,0
1021,1720620008,0,0,1,0
1022,1720701001,147,141,138,134
1023,1720701002,278,234,219,240
1024,1720702001,53,57,45,35
1025,1720702002,44,47,30,39
1026,1720702003,40,36,33,34
1027,1720702004,197,168,136,192
1028,1720702005,112,88,89,89
1029,1720702006,56,47,40,47
1030,1720702007,317,292,211,273
1031,1720702008,36,27,23,25
1032,1720702009,74,60,57,57
1033,1720702010,115,98,88,88
1034,1720702011,139,122,111,135
1035,1720702012,113,101,85,102
1036,1720702013,282,270,260,270
1037,1720702014,179,142,144,183
1038,1720702015,64,52,46,73
1039,1720702016,225,184,189,214
1040,1720702017,175,157,117,165
1041,1720702018,165,148,122,124
1042,1720702019,139,135,124,125
1043,1720702020,35,23,25,33
1044,1720702021,43,44,26,51
1045,1720702022,163,113,111,132
1046,1720702023,185,161,157,179
1047,1720703001,110,88,105,109
1048,1720703002,64,62,62,63
1049,1720703003,76,77,71,70
1050,1720703004,159,140,141,154
1051,1720703005,118,90,74,90
1052,1720703006,34,33,31,33
1053,1720704001,147,116,124,127
1054,1720704002,86,83,64,74
1055,1720704003,78,48,41,45
1056,1720704004,209,184,114,129
1057,1720704005,210,200,179,202
1058,1720704006,213,211,202,205
1059,1720705001,52,43,41,47
1060,1720705002,30,26,22,19
1061,1720705003,99,84,81,85
1062,1720706001,458,410,419,431
1063,1720706002,307,257,248,289
1064,1720707001,428,433,407,463
1065,1720707002,130,130,79,97
1066,1720708001,8,9,2,5
1067,1720710001,267,262,197,237
1068,1720710002,149,150,106,128
1069,1720710003,239,242,194,245
1070,1720710004,417,408,341,376
1071,1720710005,175,188,155,177
1072,1720711001,27,26,27,25
1073,1720711002,109,107,87,93
1074,1720711003,79,72,66,49
1075,1720711004,110,94,91,95
1076,1720901016,103,97,61,61
1077,1720901017,111,97,88,98
1078,1720901018,64,53,58,58
1079,1720901999,18,7,11,15
1080,1720902001,16,7,11,15
1081,1720902002,187,161,154,148
1082,1720902003,86,69,78,70
1083,1720902004,37,38,30,39
1084,1720902005,75,55,54,66
1085,1720902006,70,60,59,64
1086,1720902007,98,89,90,117
1087,1720902008,155,102,132,144
1088,1720902009,77,69,71,69
1089,1720902999,0,0,0,0
1090,1720904001,244,223,221,225
1091,1720904002,216,204,206,207
1092,1720904003,67,62,57,58
1093,1720904004,251,197,186,238
1094,1720904005,149,141,129,141
1095,1720904006,61,53,47,46
1096,1720904007,197,169,175,180
1097,1720904008,26,16,15,18
1098,1720904009,93,76,66,93
1099,1720904010,0,0,0,0
1100,1720904011,207,188,186,207
1101,1720904013,386,325,353,360
1102,1720905001,80,63,57,79
1103,1720905002,56,49,44,17
1104,1720905003,218,186,120,179
1105,1720905004,76,59,58,55
1106,1720905005,67,48,51,59
1107,1721001001,2,0,1,1
1108,1721001002,12,5,10,10
1109,1721001003,5,3,3,2
1110,1721001005,5,0,2,4
1111,1721001006,12,9,5,9
1112,1721001007,45,28,37,36
1113,1721001008,154,127,109,137
1114,1721002001,121,137,122,98
1115,1721002002,211,195,156,157
1116,1721002003,92,80,58,91
1117,1721002004,179,156,148,147
1118,1721002005,77,63,64,67
1119,1721002006,263,228,249,252
1120,1721002007,239,223,212,227
1121,1721002008,29,19,19,24
1122,1721002009,77,89,76,88
1123,1721002010,217,194,183,196
1124,1721003001,172,173,172,167
1125,1721003002,148,144,128,151
1126,1721003003,66,63,62,70
1127,1721003004,151,140,136,154
1128,1721004001,53,57,53,54
1129,1721004002,206,197,193,190
1130,1721004003,187,191,143,173
1131,1721004004,216,177,172,199
1132,1721004005,141,139,140,134
1133,1721004006,164,161,150,155
1134,1721005001,301,245,243,247
1135,1721005002,42,28,40,41
1136,1721005003,78,73,68,79
1137,1721005004,82,59,81,76
1138,1721005005,57,44,44,66
1139,1721005006,38,34,41,34
1140,1721005007,173,142,144,152
1141,1721005008,87,71,73,90
1142,1721005009,112,107,86,94
1143,1721006001,41,36,25,42
1144,1721006002,23,19,12,24
1145,1721006003,30,33,23,35
1146,1721006004,71,40,58,52
1147,1721006005,30,25,21,25
1148,1721006006,171,170,140,145
1149,1721006007,89,110,97,70
1150,1721006008,162,122,134,149
1151,1721006009,76,67,50,72
1152,1721006010,102,105,66,89
1153,1721006011,171,130,176,152
1154,1721007001,117,81,82,92
1155,1721007002,320,273,299,267
1156,1721007003,124,115,123,124
1157,1721007004,297,266,224,271
1158,1721008001,338,281,276,276
1159,1721008002,92,100,113,87
1160,1721008003,178,205,189,188
1161,1721008004,145,132,130,141
1162,1721008005,93,78,75,95
1163,1721008006,3,3,2,3
1164,1721009001,273,241,216,226
1165,1721009002,116,68,90,96
1166,1721009003,82,68,70,78
1167,1721009004,101,96,88,66
1168,1721009005,57,53,43,47
1169,1721009006,182,128,139,176
1170,1721009007,133,110,125,131
1171,1721009008,91,91,89,72
1172,1721009009,59,54,55,48
1173,1721010001,230,206,184,208
1174,1721010002,205,183,178,183
1175,1721010003,23,18,24,23
1176,1721010004,136,101,119,118
1177,1721011001,286,218,238,177
1178,1721011002,35,41,40,42
1179,1721011003,62,51,53,64
1180,1721011004,200,191,170,179
1181,1721011005,174,171,145,160
1182,1721011006,116,96,94,110
1183,1721011007,91,71,57,57
1184,1721011008,34,44,41,22
1185,1721011009,0,1,3,1
1186,1721011010,43,36,39,35
1187,1721011011,128,112,149,105
1188,1721012001,172,161,138,188
1189,1721012002,149,115,125,136
1190,1721012003,83,63,75,74
1191,1721012004,270,217,230,254
1192,1721012005,76,68,55,94
1193,1721012006,139,105,124,146
1194,1721012007,213,218,213,195
1195,1721012008,229,174,193,211
1196,1721012009,87,70,71,71
1197,1721013001,180,170,164,181
1198,1721013002,154,113,104,152
1199,1721013003,145,111,109,142
1200,1721013004,68,58,74,78
1201,1721013005,101,81,71,95
1202,1721013006,153,116,125,148
1203,1721013007,198,130,166,199
1204,1721013008,180,133,128,156
1205,1721013009,136,94,96,119
1206,1721013010,93,71,74,81
1207,1721013011,119,110,94,116
1208,1721013012,64,48,34,66
1209,1721014001,118,89,90,104
1210,1721015001,101,86,78,97
1211,1721016001,129,113,101,85
1212,1721016002,115,105,87,88
1213,1721016003,64,45,33,54
1214,1721016004,109,84,115,115
1215,1721016005,90,84,87,80
1216,1721016006,88,80,84,64
1217,1721016007,197,142,119,178
1218,1721016008,125,113,107,120
1219,1721017004,1,0,0,0
1220,1721017005,5,3,0,3
1221,1721018001,195,174,178,183
1222,1721018002,97,73,68,80
1223,1721018003,103,86,88,101
1224,1721018004,51,44,41,47
1225,1721018005,148,139,133,157
1226,1721018006,95,98,91,94
1227,1721018007,116,93,101,95
1228,1721018008,43,35,11,24
1229,1721018009,92,100,82,81
1230,1721019001,83,59,73,84
1231,1721019002,140,100,107,129
1232,1721019003,33,24,22,33
1233,1721019004,129,102,98,114
1234,1721019005,116,106,101,93
1235,1721019006,162,150,133,152
1236,1721019007,151,126,104,119
1237,1721020001,130,97,125,108
1238,1721020002,157,129,126,153
1239,1721020003,80,67,69,76
1240,1721020004,73,67,65,69
1241,1721020005,77,65,63,67
1242,1721020006,93,70,47,79
1243,1721020007,73,66,62,66
1244,1721020008,123,100,102,104
1245,1721020009,63,34,54,51
1246,1721021002,42,33,25,43
1247,1721021003,38,15,17,32
1248,1721021004,123,119,101,107
1249,1721021005,50,45,49,55
1250,1721022001,120,103,103,108
1251,1721022002,42,32,27,33
1252,1721022003,82,44,51,65
1253,1721022004,5,2,1,3
1254,1721022006,3,4,1,6
1255,1721022008,1,0,0,0
1256,1721023001,118,96,112,104
1257,1721023002,74,54,59,68
1258,1721023003,26,20,26,21
1259,1721023004,19,5,5,7
1260,1721023005,55,32,37,40
1261,1721023006,35,29,29,21
1262,1721023007,29,19,18,29
1263,1721024001,115,97,91,112
1264,1721024002,148,130,123,150
1265,1721024003,164,114,142,167
1266,1721024004,36,34,40,40
1267,1721024005,152,78,84,149
1268,1721024006,230,161,170,181
1269,1721024007,67,54,62,67
1270,1721024008,53,40,44,43
1271,1721024009,29,28,26,20
1272,1721024010,95,73,72,83
1273,1721024011,83,68,67,71
1274,1721024012,109,118,72,74
1275,1721024013,36,46,53,52
1276,1721024014,33,44,34,27
1277,1721024017,0,0,0,0
1278,1721024019,0,2,5,1
1279,1721024020,4,1,4,7
1280,1721024022,20,26,30,42
1281,1721024023,46,31,42,39
1282,1721024024,177,134,104,160
1283,1721024025,96,85,90,98
1284,1721024026,190,151,153,168
1285,1721024027,208,157,182,203
1286,1721024028,77,57,46,54
1287,1721024029,14,9,9,8
1288,1721025002,8,8,6,5
1289,1721025003,6,5,4,3
1290,1721025006,0,1,0,1
1291,1721026005,0,1,0,0
1292,1721101001,355,272,263,285
1293,1721101002,103,99,78,108
1294,1721101003,174,200,189,180
1295,1721101004,139,125,125,132
1296,1721101005,306,296,272,305
1297,1721101006,58,53,39,56
1298,1721101007,172,162,142,156
1299,1721101008,129,119,120,136
1300,1721101009,127,101,111,120
1301,1721101010,238,215,203,211
1302,1721101011,73,67,73,73
1303,1721101012,50,36,35,37
1304,1721101013,10,9,9,3
1305,1721101014,25,16,17,23
1306,1721101015,44,27,27,61
1307,1721101016,9,4,5,2
1308,1721102001,147,138,117,141
1309,1721102002,154,97,105,136
1310,1721102003,300,273,254,294
1311,1721103001,379,294,303,340
1312,1721103002,121,96,85,112
1313,1721103003,119,86,108,109
1314,1721103004,151,116,110,125
1315,1721103005,313,232,237,279
1316,1721103006,130,138,130,137
1317,1721103007,214,155,187,196
1318,1721103008,113,82,98,105
1319,1721103009,142,116,126,140
1320,1721104001,133,120,102,126
1321,1721105001,27,13,8,21
1322,1721105002,64,56,49,61
1323,1721105003,70,50,52,61
1324,1721106001,127,72,85,134
1325,1721106002,52,22,40,48
1326,1721106003,147,90,76,139
1327,1721107001,90,71,62,69
1328,1721107002,62,60,52,53
1329,1721107003,58,33,28,58
1330,1721107004,146,117,134,137
1331,1721107005,150,134,142,134
1332,1721107006,80,88,71,86
1333,1721107007,3,3,6,3
1334,1721108001,29,22,19,25
1335,1721108002,28,24,16,20
1336,1721108003,27,17,9,12
1337,1721108004,23,11,16,15
1338,1721108005,80,75,80,37
1339,1721108006,29,20,22,23
1340,1721108007,87,57,51,67
1341,1721108008,32,16,28,29
1342,1721108009,73,44,54,58
1343,1721108010,44,37,44,46
1344,1721108011,37,31,36,36
1345,1721108012,126,99,93,99
1346,1721109001,169,125,127,161
1347,1721109002,144,108,130,143
1348,1721109003,206,180,197,209
1349,1721109004,137,134,132,140
1350,1721109005,52,42,40,42
1351,1721109006,11,10,12,11
1352,1721109007,75,49,52,68
1353,1721109008,42,36,36,42
1354,1721109009,36,25,20,22
1355,1721109010,127,139,134,120
1356,1721109011,107,90,95,81
1357,1721109012,51,25,30,40
1358,1721109013,39,30,29,30
1359,1721109014,21,15,16,14
1360,1721109015,40,26,32,34
1361,1721109016,131,102,103,138
1362,1721109017,94,69,74,80
1363,1721109018,40,31,32,33
1364,1721109019,136,122,124,118
1365,1721109020,52,46,46,48
1366,1721109021,131,117,126,116
1367,1721109022,0,0,0,0
1368,1721109023,6,14,8,8
1369,1721201001,14,12,12,15
1370,1721201002,13,10,9,14
1371,1721201003,7,6,5,10
1372,1721201004,32,21,21,23
1373,1721201005,5,7,5,3
1374,1721201006,7,9,5,7
1375,1721202001,26,30,24,18
1376,1721202002,19,17,14,20
1377,1721202003,18,15,13,16
1378,1721202004,10,3,5,3
1379,1721202005,136,104,113,133
1380,1721202006,2,2,2,2
1381,1721202007,9,6,4,8
1382,1721202008,18,9,10,12
1383,1721202009,34,8,8,13
1384,1721202010,4,6,3,5
1385,1721203001,303,252,251,256
1386,1721203002,247,242,231,253
1387,1721203003,72,71,68,69
1388,1721203004,11,11,5,13
1389,1721203005,19,22,16,18
1390,1721203006,10,12,7,8
1391,1721203007,14,4,8,8
1392,1721203008,39,27,33,32
1393,1721203009,44,42,45,54
1394,1721203010,298,287,297,288
1395,1721203011,3,3,3,1
1396,1721203012,7,4,3,4
1397,1721203013,233,222,224,226
1398,1721203014,146,135,127,134
1399,1721204001,41,29,32,34
1400,1721204002,2,1,0,1
1401,1721204003,3,3,2,4
1402,1721204004,24,22,15,20
1403,1732400001,6,4,4,5
1404,1732400002,299,250,264,291
1405,1732400003,172,141,139,168
1406,1732400004,435,357,354,404
1407,1732400005,170,145,145,145
1408,1732400006,52,40,57,41
1409,1732400007,76,72,57,88
1410,1732400008,115,64,80,104
1411,1732400009,218,186,164,201
1412,1732400010,173,162,136,165
1413,1732400011,205,174,163,201
1414,1732400012,147,122,120,127
1415,1732400013,60,46,39,41
1416,1732400014,314,241,267,298
1417,1732400015,136,90,102,128
1418,1732400016,188,129,156,163
1419,1736101001,34,25,30,30
1420,1736101002,62,51,54,58
1421,1736101003,4,7,7,5
1422,1736101004,30,22,17,16
1423,1736102001,78,66,50,79
1424,1736102002,472,420,438,437
1425,1736102003,103,80,65,96
1426,1736102004,133,114,99,126
1427,1736102005,45,30,33,45
1428,1736103001,8,11,12,8
1429,1736103002,225,204,209,214
1430,1736103003,114,101,104,106
1431,1736103004,8,4,4,3
1432,1736103005,533,504,517,531
1433,1736104001,28,23,15,15
1434,1736105001,50,42,44,47
1435,1736105002,25,16,21,26
1436,1736105003,45,38,28,33
1437,1736105004,39,36,29,24
1438,1736105005,57,42,47,55
1439,1736105006,86,59,55,44
1440,1736105007,2,2,1,3
1441,1736105008,5,4,4,3
1442,1736105009,1,0,0,1
1443,1736105010,4,8,6,4
1444,1736105011,20,17,13,11
1445,1736105012,71,45,58,76
1446,1736105013,128,85,84,104
1447,1736105014,9,14,7,10
1448,1736105015,21,12,16,26
1449,1736105016,46,34,33,37
1450,1736105017,19,23,15,16
1451,1736105018,21,19,17,25
1452,1736105019,35,27,26,34
1453,1736105020,21,13,6,14
1454,1736105021,19,11,14,14
1455,1736105022,14,18,12,5
1456,1736105023,11,7,3,4
1457,1736105024,33,22,16,17
1458,1736105025,30,25,24,24
1459,1736105026,15,9,4,9
1460,1736105027,4,3,2,1
1461,1736105028,25,18,23,17
1462,1736105029,29,29,25,33
1463,1736106001,15,13,10,12
1464,1736106002,20,20,15,21
1465,1736106003,33,31,21,38
1466,1736106004,44,66,74,74
1467,1736106005,51,53,69,62
1468,1736106006,80,72,96,135
1469,1736106007,99,83,91,84
1470,1736106008,77,60,49,70
1471,1736106009,94,75,80,60
1472,1736106010,21,15,17,9
1473,1736106011,60,74,79,105
1474,1736106012,45,26,16,21
1475,1736106013,177,123,152,170
1476,1736106014,153,127,114,145
1477,1736106015,32,23,26,32
1478,1736106016,48,33,19,22
1479,1736106017,30,20,10,11
1480,1736106018,11,5,5,12
1481,1736106019,152,134,126,131
1482,1736107001,105,64,79,86
1483,1736107002,253,226,225,241
1484,1736107003,88,80,54,75
1485,1736107004,198,167,180,193
1486,1736107005,83,54,67,60
1487,1736107006,19,17,14,14
1488,1736107007,27,15,7,18
1489,1736107008,57,41,26,24
1490,1736107009,21,20,11,19
1491,1736107010,9,12,5,9
1492,1736107011,96,63,82,90
1493,1736107012,88,70,55,79
1494,1736107013,1,0,0,1
1495,1736107014,487,430,464,464
1496,1736107015,290,254,263,273
1497,1736107016,134,98,98,120
1498,1736108001,98,90,63,69
1499,1736108002,57,46,36,51
1500,1736108003,52,49,43,53
1501,1736108004,34,33,15,30
1502,1736108005,30,20,21,23
1503,1736108006,23,18,12,21
1504,1736500001,2,5,0,0
1505,1736500002,168,166,166,102
1506,1736500003,36,34,32,9
1507,1736500004,80,82,68,14
1508,1736500005,3,3,3,3
1509,1736500006,57,51,39,22
1510,1738401001,2,2,2,0
1511,1738401002,65,65,62,52
1512,1738402001,95,95,80,109
1513,1738403001,343,343,323,342
1514,1738403003,58,58,34,41
1515,1738403004,82,82,66,58
1516,1738403005,83,83,68,83
1517,1738403006,106,106,81,82
1518,1738404001,185,185,136,156
1519,1738404002,82,82,64,71
1520,1738404003,56,56,37,46
1521,1738404004,163,163,164,167
1522,1738404005,60,60,47,57
1523,1738404006,64,64,59,53
1524,1738404007,100,100,95,91
1525,1738405001,6,6,4,2
1526,1738405002,246,246,229,218
1527,1738405003,112,112,88,85
1528,1738405004,102,102,89,97
1529,1738405005,267,267,201,229
1530,1738405006,92,92,75,81
1531,1738405007,37,37,35,39
1532,1738405008,219,219,157,182
1533,1738405009,103,103,63,86
1534,1738406001,71,71,77,72
1535,1738406002,178,178,157,165
1536,1738406003,73,73,73,59
1537,1738406004,163,163,158,149
1538,1738406005,121,121,96,100
1539,1738406006,85,85,64,73
1540,1738406007,59,59,46,54
1541,1738407001,183,183,150,157
1542,1738407002,205,205,165,155
1543,1738407003,219,219,137,174
1544,1738408001,214,214,198,202
1545,1738408002,210,210,179,187
1546,1738408003,67,67,51,66
1547,1738408004,99,99,135,85
1548,1738408005,11,11,9,11
1549,1738408006,223,223,178,229
1550,1738408007,0,0,0,0
1551,1738408008,16,16,12,19
1552,1738408009,385,385,297,348
1553,1738408010,28,28,29,18
1554,1738408011,13,13,11,9
1555,1738409001,80,80,77,79
1556,1738409002,94,94,92,91
1557,1738409003,89,89,69,82
1558,1738409004,80,80,74,90
1559,1738409005,6,6,5,5
1560,1738409006,157,157,141,159
1561,1738409007,25,25,22,37
1562,1738409008,44,44,38,34
1563,1738409009,6,6,7,2
1564,1738409010,41,41,33,27
1565,1738410001,126,126,88,98
1566,1738410003,6,6,3,4
1567,1738410004,21,21,19,11
1568,1738410005,10,10,10,13
1569,1738410006,7,7,8,6
1570,1738411001,37,37,34,32
1571,1738411002,13,13,9,13
1572,1738411003,82,82,59,80
1573,1738411004,56,56,39,58
1574,1738411005,24,24,14,20
1575,1738411006,119,119,100,101
1576,1738411007,254,254,185,235
1577,1738411008,32,32,25,31
1578,1738411009,51,51,56,54
1579,1738411010,6,6,2,3
1580,1738411011,8,8,7,6
1581,1738412001,5,5,10,5
1582,1738412002,96,96,78,85
1583,1738412003,122,122,102,114
1584,1738412004,189,189,150,159
1585,1738412005,16,16,9,14
1586,1738412006,110,110,72,89
1587,1738412007,48,48,34,47
1588,1738412008,54,54,46,58
1589,1738412009,28,28,21,28
1590,1738412010,24,24,17,17
1591,1738412011,4,4,6,3
1592,1738412012,25,25,15,14
1593,1738412013,14,14,6,9
1594,1738412014,24,24,19,6
1595,1738412015,7,7,4,3
1596,1738413001,129,129,110,105
1597,1738413002,3,3,5,3
1598,1738413004,61,61,39,37
1599,1738413005,211,211,245,206
1600,1738413007,145,145,131,106
1601,1738413008,48,48,49,20
1602,1738414001,98,98,89,85
1603,1738414002,40,40,36,34
1604,1738414003,38,38,23,26
1605,1738414004,265,265,196,197
1606,1738415004,9,9,1,3
1607,1738416001,6,6,3,3
1608,1738416002,2,2,2,0
1609,1738416003,128,128,96,63
1610,1738416004,171,171,124,128
1611,1738416005,23,23,20,25
1612,1738416006,0,0,1,1
1613,1738417001,31,31,15,17
1614,1738417002,3,3,2,2
1615,1738601001,93,91,87,86
1616,1738601002,275,260,266,257
1617,1738601003,54,53,42,42
1618,1738601004,53,56,50,49
1619,1738601006,177,154,141,154
1620,1738601007,89,71,77,51
1621,1738601008,48,48,40,48
1622,1738601009,182,159,134,164
1623,1738601010,26,20,16,21
1624,1738601011,16,13,14,11
1625,1738601012,0,0,0,0
1626,1738601013,7,5,2,1
1627,1738601014,1,1,0,2
1628,1738601015,0,1,0,1
1629,1738601016,3,5,2,1
1630,1738601017,32,25,20,26
1631,1738601018,56,53,39,46
1632,1738601019,16,16,13,20
1633,1738601020,4,6,3,1
1634,1738601021,8,2,9,7
1635,1738601022,49,40,25,39
1636,1738601023,424,335,361,410
1637,1738601024,180,160,145,155
1638,1738601025,398,352,306,370
1639,1738602001,70,59,61,65
1640,1738602002,20,23,17,18
1641,1738603001,210,178,167,161
1642,1738603002,171,137,134,153
1643,1738603003,89,75,73,74
1644,1738603004,67,55,59,58
1645,1738603005,115,80,85,78
1646,1738603006,65,55,57,59
1647,1738603007,120,102,106,97
1648,1738603008,119,103,87,91
1649,1738603009,35,30,25,37
1650,1738604001,227,183,184,206
1651,1738604002,169,156,155,160
1652,1738604003,48,35,39,45
1653,1738604004,30,19,19,23
1654,1738605001,29,24,23,20
1655,1738605002,16,19,6,7
1656,1738605003,49,45,25,32
1657,1738605004,241,207,204,192
1658,1738605005,283,252,228,236
1659,1738605006,145,148,135,140
1660,1738606001,140,117,112,123
1661,1738606002,75,69,68,67
1662,1738606003,40,37,36,41
1663,1738607001,104,93,90,91
1664,1738607002,34,24,26,26
1665,1738607003,134,119,94,112
1666,1740701001,336,336,256,245
1667,1740701002,110,110,90,110
1668,1740701003,233,233,228,250
1669,1740701004,290,290,264,278
1670,1740701005,136,136,120,124
1671,1740701006,66,66,68,65
1672,1740701007,79,79,62,71
1673,1740701008,34,34,36,43
1674,1740701009,44,44,40,49
1675,1740701010,97,97,85,101
1676,1740701011,94,94,83,91
1677,1740702001,118,118,92,98
1678,1740702002,110,110,91,96
1679,1740703001,63,63,51,72
1680,1740703002,53,53,51,51
1681,1740703003,35,35,30,33
1682,1740703004,177,177,113,120
1683,1740703005,604,604,478,568
1684,1740703006,126,126,100,120
1685,1740703007,295,295,196,243
1686,1740703008,231,231,179,163
1687,1740703009,4,4,2,10
1688,1740703010,0,0,0,0
1689,1740704001,339,339,269,273
1690,1740704002,56,56,53,63
1691,1740704003,132,132,113,129
1692,1740704004,224,224,216,225
1693,1740704005,6,7,5,4
1694,1740704006,119,129,83,105
1695,1740705001,241,241,130,151
1696,1740705002,107,107,82,85
1697,1740705003,181,181,144,153
1698,1740705004,108,108,100,96
1699,1740705005,73,73,71,73
1700,1740705006,85,85,71,79
1701,1740705007,90,90,74,87
1702,1740706001,351,351,299,310
1703,1740707001,217,217,190,201
1704,1740707002,9,9,5,6
1705,1740707003,256,256,210,201
1706,1740707004,143,143,110,103
1707,1740707005,126,126,84,96
1708,1740707006,67,67,39,57
1709,1740708001,69,69,58,68
1710,1740708002,120,120,112,117
1711,1740708003,139,139,121,117
1712,1740708004,68,68,63,57
1713,1740708005,14,12,12,6
1714,1740708006,28,28,30,24
1715,1746101001,9,9,5,1
1716,1746101002,0,0,0,0
1717,1746101003,2,2,2,0
1718,1746101004,6,6,1,0
1719,1746101005,11,11,5,3
1720,1746101006,1,1,0,0
1721,1746101008,31,31,21,7
1722,1746101009,36,36,17,15
1723,1746101010,1,1,0,0
1724,1746101011,14,14,8,7
1725,1746101012,38,38,24,22
1726,1746101013,18,18,15,9
1727,1746101014,24,24,19,18
1728,1746101015,38,38,19,11
1729,1746101016,209,209,221,181
1730,1746101017,15,15,4,4
1731,1746101018,18,18,16,5
1732,1746101019,36,36,22,23
1733,1746101020,13,13,7,3
1734,1746101021,37,37,25,22
1735,1746101022,16,16,16,10
1736,1746101023,183,183,151,91
1737,1746101024,30,30,20,7
1738,1746101025,32,32,20,22
1739,1746101026,19,19,7,6
1740,1746101027,26,26,12,7
1741,1746101028,20,20,8,7
1742,1746101029,14,14,8,6
1743,1746101030,97,97,71,47
1744,1746101031,21,21,10,12
1745,1746101032,14,14,6,5
1746,1746102001,277,277,218,215
1747,1746102002,262,262,206,148
1748,1746102003,22,22,13,12
1749,1746102004,230,230,153,181
1750,1746102005,13,13,10,11
1751,1746102006,6,6,4,1
1752,1746102007,43,43,38,20
1753,1746103001,15,15,9,5
1754,1746103002,118,118,88,81
1755,1746103003,77,77,48,14
1756,1746103004,51,51,21,11
1757,1746103005,23,23,16,7
1758,1746103006,33,33,28,16
1759,1746103007,33,33,26,19
1760,1746103008,47,47,32,14
1761,1746103009,12,12,8,12
1762,1746103010,44,44,37,28
1763,1746104001,21,21,7,11
1764,1746104002,2,2,1,1
1765,1746104003,5,5,0,2
1766,1746104004,48,48,31,31
1767,1746104005,15,15,16,9
1768,1746104006,38,38,28,25
1769,1746104007,1,1,3,2
1770,1746104008,36,36,25,17
1771,1746104009,14,14,19,6
1772,1746104010,50,50,44,45
1773,1746104011,85,85,69,62
1774,1746104012,22,22,22,24
1775,1746104013,0,0,0,0
1776,1746104014,28,28,24,28
1777,1746104017,1,1,2,1
1778,1746104018,27,27,14,19
1779,1746104019,20,20,11,9
1780,1746104020,36,36,15,11
1781,1746301001,7,7,5,2
1782,1746301003,0,0,2,2
1783,1746301004,0,0,0,0
1784,1746301005,3,3,3,2
1785,1746301006,5,5,0,4
1786,1746301007,2,2,1,0
1787,1746301008,0,0,0,0
1788,1746302001,37,37,33,28
1789,1746302002,2,2,2,0
1790,1746302003,3,3,1,3
1791,1746302004,5,5,4,4
1792,1746302005,19,19,11,6
1793,1746302006,22,22,21,26
1794,1746302007,31,31,28,28
1795,1746302008,5,5,5,2
1796,1746302009,85,85,78,39
1797,1746302010,65,65,47,45
1798,1746302011,31,31,27,23
1799,1746302012,58,58,70,36
1800,1746302013,22,22,44,41
1801,1746302014,14,14,8,6
1802,1746302015,90,90,71,45
1803,1746302016,11,11,16,9
1804,1746302017,53,53,52,34
1805,1746302018,30,30,25,13
1806,1746302019,8,8,4,3
1807,1746302020,19,19,10,5
1808,1746302021,77,77,50,37
1809,1746302022,42,42,26,20
1810,1746303001,131,131,100,118
1811,1746303002,177,177,150,129
1812,1746303003,105,105,90,52
1813,1746303004,108,108,81,61
1814,1746303005,99,99,84,68
1815,1746304001,30,30,13,19
1816,1746304002,62,62,31,39
1817,1746304003,11,11,14,7
1818,1746304004,8,8,2,5
1819,1746305001,1,1,0,2
1820,1746305002,7,7,2,4
1821,1746305004,20,20,14,9
1822,1746305005,1,1,1,0
1823,1746306001,84,84,57,55
1824,1746306002,8,8,7,3
1825,1746306003,89,89,64,49
1826,1746306004,74,74,66,64
1827,1746306005,37,37,27,38
1828,1746306006,34,34,35,20
1829,1746306007,72,72,60,47
1830,1746306008,75,75,55,44
1831,1746306009,83,83,53,22
1832,1746306010,125,125,104,52
1833,1746306011,155,155,140,112
1834,1746306012,87,87,81,32
1835,1746306013,72,72,68,49
1836,1746306014,20,20,12,7
1837,1746306015,43,43,54,33
1838,1746306016,36,36,20,10
1839,1746306017,24,24,26,10
1840,1746306018,6,6,5,5
1841,1746306019,13,13,9,5
1842,1746306020,24,24,14,15
1843,1746306021,36,36,23,11
1844,1746306022,26,26,10,7
1845,1746306023,60,60,41,47
1846,1746306024,7,7,8,7
1847,1746306025,173,173,161,85
1848,1746306026,97,97,89,95
1849,1746306027,20,20,15,19
1850,1746306028,170,170,139,125
1851,1746306029,65,65,50,37
1852,1746306030,98,98,87,63
1853,1746306031,55,55,59,40
1854,1746306032,75,75,58,33
1855,1746306033,57,57,38,37
1856,1746306034,102,102,86,61
1857,1746306035,98,98,45,65
1858,1746306036,22,22,15,11
1859,1746306037,109,109,89,38
1860,1746307001,187,187,176,142
1861,1746307002,129,129,113,91
1862,1746308001,9,9,7,7
1863,1746308002,6,6,2,0
1864,1746308004,0,0,0,0
1865,1746308006,1,1,0,0
1866,1746309001,34,34,24,14
1867,1746309003,2,2,3,1
1868,1746309006,5,5,6,3
1869,1746309008,16,16,7,1
1870,1746309010,41,41,14,6
1871,1746309011,9,9,5,2
1872,1746309012,46,46,35,37
1873,1746309013,29,29,20,20
1874,1746309014,2,2,3,3
1875,1746309015,3,3,1,2
1876,1746309016,1,1,0,1
1877,1746309017,6,6,1,1
1878,1746309018,7,7,6,2
1879,1746309019,49,49,33,26
1880,1746309020,24,24,19,15
1881,1746309021,45,45,27,36
1882,1746309022,31,31,14,12
1883,1746309023,52,52,48,43
1884,1746309024,44,44,39,36
1885,1746309025,92,92,79,59
1886,1746309026,83,83,63,51
1887,1746309027,35,35,35,31
1888,1746309028,107,107,79,98
1889,1746309029,12,12,13,12
1890,1746309030,23,23,17,17
1891,1746309031,2,2,2,0
1892,1746309032,29,29,16,17
1893,1746309033,12,12,13,7
1894,1746309034,22,22,17,7
1895,1746309035,8,8,7,4
1896,1746309036,70,70,69,58
1897,1746309037,5,5,5,2
1898,1746309038,45,45,26,18
1899,1746309039,64,64,45,38
1900,1746309041,0,0,0,0
1901,1746309042,16,16,6,10
