KEY_CODE,predicted2021,predicted2022,predicted2023,predicted2024,effect_vector
1720201001,117,120,99,69,-29.89999999999996
1720201002,1,0,1,1,-0.2222222222222207
1720201004,16,18,15,12,-2.5999999999999885
1720201005,17,17,14,16,3.3000000000000065
1720201006,28,36,25,30,8.20000000000001
1720201007,89,105,88,84,-6.499999999999827
1720201008,54,58,57,55,-5.833333333333314
1720201009,32,28,30,29,-0.7999999999999908
1720201010,268,283,253,250,-17.299999999999777
1720201011,92,88,96,95,-3.6999999999998554
1720201012,257,254,245,235,-24.699999999999847
1720201013,103,109,100,106,5.272727272727115
1720201014,303,299,261,278,-18.09090909090943
1720201015,207,221,223,200,-21.29999999999974
1720201016,105,113,105,116,-1.0909090909091916
1720201017,55,58,55,49,-9.99999999999996
1720201018,100,98,76,76,-9.499999999999769
1720201019,2,0,3,3,-0.3571428571428569
1720201020,93,106,87,71,-9.39999999999983
1720201021,33,36,30,36,2.900000000000028
1720201022,42,44,35,38,1.9166666666666279
1720201023,327,315,269,255,-43.19999999999943
1720201024,68,71,66,57,-7.499999999999918
1720201025,28,33,26,21,-5.07692307692301
1720201026,30,34,34,29,-7.699999999999973
1720201027,38,46,41,38,-6.699999999999958
1720201028,358,383,379,306,-62.199999999999385
1720201029,0,0,0,0,-0.2666666666666675
1720201030,1,1,2,4,1.0666666666666704
1720201031,210,230,182,189,25.10000000000023
1720201032,114,124,113,108,0.10000000000011107
1720201033,247,294,235,244,1.8000000000003888
1720201034,191,209,203,215,10.100000000000088
1720201035,127,142,131,128,-11.09999999999996
1720201036,101,119,106,108,2.0000000000000697
1720201037,201,219,179,183,-6.099999999999695
1720201038,473,490,447,486,17.000000000001126
1720201039,148,154,149,163,1.9000000000002315
1720201040,399,401,379,397,17.700000000000266
1720201041,55,76,55,42,-14.399999999999945
1720201042,72,78,71,67,-10.46153846153833
1720201043,334,350,313,308,-21.599999999999852
1720202001,102,136,104,120,19.999999999999964
1720202002,39,48,36,42,0.8000000000000456
1720202003,45,43,38,38,-5.099999999999966
1720202004,47,45,33,42,3.2727272727272627
1720202005,129,143,105,128,11.70000000000019
1720202006,5,7,5,3,-2.411764705882356
1720202007,26,23,33,21,-18.799999999999944
1720202008,5,3,4,5,-0.2999999999999965
1720202009,53,48,66,64,-1.1818181818182665
1720203001,80,84,77,46,-36.18181818181827
1720203003,3,3,3,4,0.9999999999999997
1720203004,1,1,1,1,-0.9333333333333319
1720203005,10,15,11,13,-2.299999999999991
1720203006,2,3,4,4,-0.42857142857142594
1720203007,0,0,0,0,-0.2666666666666675
1720203008,3,3,3,1,-1.9999999999999964
1720203009,0,0,1,0,-1.2666666666666675
1720203010,9,10,10,10,1.2105263157894792
1720203013,12,6,10,11,-1.5833333333333375
1720203014,8,10,4,5,3.4000000000000075
1720203015,31,35,30,30,-3.5833333333333375
1720204001,272,385,357,335,-19.99999999999978
1720204002,159,178,153,150,-1.5999999999998886
1720204003,113,149,126,120,-14.272727272727476
1720204004,6,5,9,6,-2.800000000000001
1720205001,26,23,22,22,-6.799999999999965
1720205002,44,50,43,43,-5.199999999999956
1720205003,58,56,59,56,-7.000000000000037
1720205004,283,287,270,257,-40.699999999999214
1720205005,4,1,3,3,-0.5384615384615395
1720205007,61,60,45,53,3.4545454545454093
1720205008,125,99,99,71,-32.69999999999984
1720205009,131,136,130,129,7.63636363636344
1720206001,218,225,206,173,-56.19999999999949
1720206002,101,100,97,101,-9.909090909091013
1720206003,55,57,55,55,-5.199999999999926
1720206004,85,96,90,92,3.454545454545399
1720206005,120,131,128,118,0.4000000000000444
1720206006,197,292,257,312,65.20000000000056
1720206007,323,331,332,330,-20.399999999999757
1720206008,114,114,108,121,11.545454545454348
1720207001,117,130,127,124,4.700000000000079
1720207002,456,494,463,484,12.500000000000398
1720207003,39,45,42,41,-5.81818181818183
1720207004,129,131,120,138,27.200000000000212
1720208001,221,231,217,222,11.40000000000016
1720208002,86,85,88,89,-6.999999999999955
1720208003,72,63,57,61,4.333333333333196
1720209001,392,403,397,384,-12.099999999999316
1720209002,94,101,95,99,0.9000000000001968
1720209003,134,138,123,130,0.20000000000008733
1720210001,119,127,122,126,12.10000000000027
1720210002,136,145,140,146,-7.69999999999979
1720210003,147,154,143,155,0.09090909090890287
1720210004,67,70,69,83,16.272727272727224
1720210005,216,215,208,215,-1.999999999999739
1720210006,48,49,45,40,-8.899999999999899
1720210007,255,264,252,257,11.100000000000223
1720211001,208,223,207,225,21.545454545454433
1720211002,104,105,63,113,49.09999999999999
1720211003,35,41,41,39,-4.599999999999959
1720211004,68,93,70,67,4.200000000000062
1720211005,57,62,53,59,6.999999999999886
1720211006,121,126,119,125,10.6363636363635
1720212001,18,17,13,12,-1.1538461538461222
1720212002,7,12,7,6,-0.7999999999999923
1720212003,125,133,131,118,1.400000000000216
1720212004,108,107,105,76,-25.29999999999995
1720212005,16,17,14,16,3.0833333333333295
1720212006,5,9,4,5,8.870651384630052e-15
1720212007,18,19,28,24,-2.3333333333333877
1720212008,65,81,72,72,-0.5999999999999209
1720212009,30,65,42,55,18.499999999999986
1720213001,289,301,279,287,-16.69999999999969
1720214001,278,320,272,313,28.40000000000038
1720214002,71,98,66,61,0.300000000000231
1720214003,200,217,213,205,-23.79999999999976
1720214004,47,56,37,44,2.2000000000000473
1720214005,32,47,28,44,10.900000000000048
1720214006,46,49,28,40,6.909090909090932
1720214007,74,73,61,72,12.499999999999924
1720214008,86,85,71,84,5.000000000000085
1720214009,2,4,5,2,-4.250000000000008
1720215001,52,47,50,51,-0.8999999999999115
1720215002,115,128,109,111,14.27272727272725
1720215003,148,158,152,145,-13.299999999999848
1720215004,108,102,112,102,-15.499999999999973
1720215005,171,190,183,163,-16.599999999999977
1720215006,43,48,46,52,5.133333333333406
1720215007,58,54,62,54,-11.499999999999991
1720216001,476,469,460,449,-19.19999999999928
1720216002,58,53,36,41,-0.7499999999999715
1720216003,26,26,21,22,-0.7000000000000007
1720216004,13,16,17,17,1.5454545454545505
1720217001,79,88,74,76,2.7000000000000837
1720217002,102,98,92,86,-18.81818181818183
1720217003,82,75,87,78,-7.0909090909091805
1720217004,32,42,25,27,-2.333333333333378
1720217005,83,90,72,70,-3.099999999999969
1720217006,33,36,28,33,1.9000000000000314
1720217007,2,12,5,3,-6.199999999999992
1720217008,15,17,16,20,5.5000000000000115
1720217009,21,26,18,20,-0.8999999999999511
1720299999,17,17,16,17,2.3000000000000185
1720401001,1,3,2,1,-1.0833333333333337
1720402001,254,250,246,153,-104.29999999999987
1720402002,159,151,158,135,-29.89999999999969
1720402003,103,94,97,91,-10.199999999999987
1720402004,92,91,91,91,6.900000000000078
1720402005,96,95,101,90,-2.099999999999904
1720402006,2,2,2,2,3.1287235824825696e-15
1720402007,78,79,87,59,-25.545454545454557
1720402008,98,97,85,91,3.7272727272726893
1720402010,215,210,205,197,-32.299999999999784
1720402011,136,137,137,112,-32.5454545454549
1720402012,221,205,210,123,-91.59999999999984
1720402013,73,72,69,67,-2.099999999999895
1720402014,24,22,19,17,-6.545454545454562
1720402015,33,35,33,28,-9.999999999999943
1720402016,16,20,19,15,-4.727272727272744
1720402017,138,130,133,115,-34.899999999999785
1720402018,138,130,135,107,-44.89999999999978
1720402019,119,118,120,114,-11.799999999999843
1720402020,52,56,65,40,-30.090909090909133
1720402021,61,66,52,36,-17.499999999999968
1720402022,5,3,2,3,-0.29999999999999916
1720402023,76,74,79,59,-24.250000000000018
1720402024,106,104,108,84,-25.799999999999955
1720403001,36,37,27,17,-13.299999999999963
1720403002,23,17,26,17,-9.199999999999982
1720403003,39,40,30,26,-9.750000000000028
1720403004,32,27,50,28,-23.45454545454546
1720403005,19,20,11,5,-5.18181818181819
1720403006,65,63,66,53,-15.166666666666627
1720403007,58,66,57,40,-18.49999999999995
1720404001,109,122,115,69,-45.99999999999989
1720404002,25,18,28,20,-10.99999999999999
1720404003,142,144,135,107,-38.72727272727307
1720404004,61,57,61,47,-20.18181818181823
1720404005,97,93,86,51,-33.36363636363628
1720404006,7,9,6,5,-0.2727272727272743
1720404007,10,11,12,7,-6.699999999999985
1720404008,5,3,5,5,-1.299999999999997
1720404010,4,2,6,7,0.8000000000000012
1720404011,3,1,4,0,-4.833333333333331
1720404012,8,9,9,4,-4.36363636363636
1720404013,1,3,4,2,-2.0833333333333344
1720404014,15,17,14,13,0.5000000000000128
1720404015,86,84,81,59,-31.899999999999896
1720404016,3,6,5,5,-0.16666666666666854
1720404017,14,18,17,22,5.307692307692341
1720404018,115,100,91,48,-42.99999999999981
1720404019,58,69,62,81,21.500000000000036
1720404020,46,44,49,47,-4.99999999999991
1720404021,42,50,56,56,-3.4545454545454852
1720405001,63,67,70,62,-5.636363636363736
1720405002,61,55,57,41,-19.272727272727312
1720405003,28,36,52,45,-3.800000000000011
1720405004,36,36,35,36,0.27272727272725805
1720405005,3,4,6,6,-1.0714285714285636
1720405006,25,21,23,24,-1.2307692307691884
1720405007,10,7,7,9,1.7272727272727275
1720405008,57,53,50,59,6.600000000000029
1720405009,56,47,46,57,13.900000000000045
1720405010,8,12,13,13,-0.30769230769228456
1720405011,6,8,10,8,-3.444444444444453
1720406001,12,11,11,9,-4.99999999999999
1720406002,38,29,30,17,-13.29999999999995
1720406003,114,97,96,65,-28.499999999999744
1720406004,36,52,40,28,-10.76923076923071
1720406005,84,92,75,59,-15.799999999999885
1720406006,36,37,37,25,-15.299999999999985
1720407001,57,63,55,60,4.818181818181716
1720407002,41,37,37,34,-6.0000000000000036
1720407003,14,14,19,13,-2.5999999999999983
1720407004,12,13,10,10,0.40000000000000707
1720407005,26,23,23,22,-7.799999999999962
1720407006,13,11,17,17,-2.99999999999999
1720407007,199,190,165,141,-32.69999999999967
1720407008,63,62,67,38,-34.49999999999995
1720407009,0,0,0,0,-0.2666666666666675
1720407010,18,11,13,8,-5.299999999999977
1720407011,4,4,5,5,-1.0769230769230678
1720407012,45,47,45,32,-15.000000000000014
1720408001,71,72,74,64,-6.999999999999903
1720408002,61,75,74,55,-15.699999999999873
1720408003,62,69,63,51,-7.545454545454623
1720408004,14,16,15,17,3.7272727272727195
1720408005,21,20,26,25,-2.4615384615384115
1720408006,107,119,121,102,-14.300000000000011
1720408007,105,109,111,113,-0.8461538461537531
1720408008,8,13,9,8,-2.615384615384586
1720408009,24,29,37,27,-5.100000000000012
1720408010,126,125,140,145,-7.636363636363737
1720408011,98,87,89,104,8.000000000000112
1720408012,147,156,147,147,-8.099999999999827
1720408013,57,65,65,55,-11.454545454545572
1720409002,37,37,41,37,-8.999999999999995
1720409003,7,6,7,10,3.6000000000000076
1720409004,180,175,174,154,-21.09999999999969
1720409005,70,76,71,72,0.45454545454529577
1720409006,106,101,111,106,-14.899999999999947
1720409007,35,31,46,33,-18.299999999999997
1720409008,44,39,40,37,-6.999999999999969
1720409009,2,4,1,1,-1.2500000000000056
1720409010,1,3,2,0,-2.0833333333333353
1720409011,2,0,6,2,-4.357142857142832
1720409012,7,9,8,5,-2.272727272727269
1720409013,12,7,12,9,-5.916666666666669
1720409014,0,0,0,0,-0.2666666666666675
1720409015,18,15,17,16,-2.8999999999999764
1720409016,69,71,79,62,-14.900000000000016
1720410001,12,15,16,14,-2.0999999999999956
1720410005,95,105,102,80,-25.19999999999985
1720410006,87,84,74,67,-17.63636363636365
1720410007,26,22,26,30,-2.636363636363632
1720410008,13,9,9,16,5.400000000000004
1720410009,8,11,10,7,-3.333333333333333
1720410010,35,41,31,33,-0.5999999999999664
1720410011,61,70,61,64,10.818181818181747
1720410012,6,8,6,5,-2.4444444444444504
1720410013,2,4,5,7,0.7500000000000001
1720410014,78,84,74,83,2.3000000000000953
1720410015,32,31,31,35,-0.4615384615383654
1720410016,16,18,16,12,-3.6000000000000028
1720410017,225,213,218,186,-35.69999999999972
1720410018,16,12,6,6,-6.699999999999974
1720410019,0,1,1,0,-0.7692307692307665
1720410020,72,70,66,52,-14.454545454545437
1720410021,34,43,28,19,-10.999999999999929
1720410022,14,20,14,14,1.1818181818181668
1720410023,35,30,39,20,-22.099999999999973
1720410024,38,37,28,31,0.0909090909090528
1720411001,10,10,11,9,-2.3999999999999866
1720411002,130,134,122,83,-32.181818181818386
1720411005,0,0,0,0,-0.2666666666666675
1720411006,39,37,34,33,-3.666666666666695
1720412001,21,25,25,21,-6.999999999999985
1720412002,105,100,106,106,-8.416666666666716
1720412003,35,30,38,21,-20.099999999999973
1720412004,69,60,71,47,-23.636363636363747
1720412005,35,35,34,21,-15.499999999999988
1720412006,39,41,40,27,-18.899999999999952
1720412007,19,15,20,14,-7.499999999999956
1720412008,0,3,1,0,-1.4444444444444524
1720412009,16,18,19,18,-0.6000000000000069
1720412010,4,3,3,5,1.818181818181823
1720412011,1,5,5,2,-3.9999999999999942
1720412012,9,5,4,5,-1.0999999999999996
1720412013,7,2,8,5,-4.46153846153844
1720412014,10,10,10,10,-0.39999999999998725
1720412015,44,35,36,35,-1.818181818181887
1720413001,13,12,8,4,-8.454545454545457
1720413002,0,1,3,4,1.2307692307692353
1720413003,14,10,5,5,-0.4545454545454623
1720413004,0,0,0,0,-0.2666666666666675
1720413005,5,5,4,5,-3.1088923785781264e-17
1720413006,0,0,0,1,0.7333333333333345
1720413007,8,13,3,9,4.384615384615392
1720413008,0,0,1,2,0.7333333333333356
1720413009,7,10,7,9,3.2000000000000064
1720414001,15,9,16,16,-0.09090909090908435
1720414002,17,18,20,17,-2.199999999999997
1720414003,46,54,43,40,-2.799999999999938
1720414004,41,41,40,37,-3.5454545454545845
1720414005,67,66,66,63,-5.4999999999999325
1720414006,29,38,30,33,7.6000000000000245
1720414007,27,32,28,27,-1.6666666666666625
1720414008,19,25,20,21,-1.799999999999997
1720414009,68,76,70,54,-20.199999999999832
1720414010,19,21,23,14,-7.600000000000016
1720414011,81,87,78,72,-12.099999999999971
1720414012,35,31,28,36,2.6999999999999837
1720414013,6,7,8,5,-3.416666666666665
1720414014,22,24,18,21,2.5999999999999908
1720414015,4,5,5,4,-2.5833333333333366
1720415001,0,0,0,1,0.7333333333333345
1720501001,1,1,3,0,-3.933333333333335
1720502001,19,20,21,16,-4.181818181818163
1720502002,70,45,42,20,-21.199999999999903
1720502003,3,3,3,0,-2.999999999999995
1720502004,0,0,0,0,-0.2666666666666675
1720502005,10,10,10,8,-2.3999999999999853
1720502006,22,22,24,20,-5.000000000000024
1720502007,2,5,4,4,-2.099999999999993
1720502008,29,29,30,23,-7.272727272727303
1720502009,68,63,65,55,-9.999999999999888
1720502010,18,21,23,19,-1.5000000000000082
1720502011,10,12,12,9,-5.071428571428546
1720502012,26,24,24,18,-12.099999999999966
1720502013,2,6,8,6,-2.6666666666666603
1720502014,33,28,37,30,-8.000000000000032
1720502015,121,118,126,96,-35.79999999999988
1720502016,66,68,65,52,-11.818181818181882
1720502017,55,48,51,27,-22.29999999999992
1720502018,48,43,40,23,-25.49999999999996
1720502019,1,1,1,2,0.06666666666667109
1720502020,0,0,0,0,-0.2666666666666675
1720502021,0,1,1,0,-0.7692307692307665
1720502022,9,3,8,7,-3.5714285714285485
1720502023,1,1,0,1,0.0666666666666691
1720502024,59,48,55,45,-8.583333333333448
1720502025,20,20,19,15,-3.6666666666666963
1720502026,17,19,25,6,-18.846153846153747
1720502027,44,49,49,34,-16.72727272727271
1720502028,24,25,22,21,-8.099999999999985
1720502029,38,40,37,17,-21.909090909090942
1720502031,0,0,0,1,0.7333333333333345
1720502032,2,4,6,4,-3.250000000000001
1720502033,0,0,0,0,-0.2666666666666675
1720503001,30,29,40,32,-9.818181818181836
1720503002,72,66,68,71,-4.499999999999869
1720503003,76,74,81,57,-28.250000000000018
1720503004,18,23,15,19,3.9090909090908923
1720503005,5,7,9,5,-4.4117647058823515
1720503006,47,48,50,36,-15.833333333333336
1720503007,33,34,35,32,-8.399999999999938
1720503010,1,0,1,2,0.7777777777777729
1720503012,2,2,2,2,3.1287235824825696e-15
1720503013,141,148,134,116,-30.3999999999999
1720503014,119,115,109,86,-29.636363636363757
1720504001,0,2,0,1,0.8000000000000008
1720504002,5,18,13,9,-7.909090909090911
1720504003,44,50,49,37,-17.19999999999993
1720504004,12,13,13,8,-4.599999999999994
1720504005,17,17,16,14,-0.6999999999999907
1720504006,14,15,15,11,-2.1000000000000005
1720504007,6,9,3,3,-0.9999999999999923
1720504008,19,22,21,21,-0.7499999999999831
1720504009,40,40,35,40,0.6000000000000538
1720504010,42,39,43,31,-16.699999999999925
1720504011,5,3,6,9,1.6999999999999935
1720504012,16,14,14,10,-6.4615384615384075
1720504013,7,9,8,6,-1.272727272727276
1720504014,25,24,25,19,-10.899999999999974
1720504015,18,22,18,8,-9.72727272727274
1720505001,13,13,13,8,-5.91666666666668
1720505002,24,19,19,18,-4.899999999999996
1720505003,73,65,77,32,-49.30769230769199
1720505004,10,10,9,9,-0.3999999999999846
1720505005,35,34,30,27,-5.583333333333319
1720505006,23,19,20,25,-0.18181818181819398
1720505007,8,5,8,3,-5.899999999999993
1720505008,17,18,14,9,-4.200000000000001
1720505009,33,30,29,30,-2.1999999999999957
1720505010,44,38,49,18,-36.499999999999936
1720505011,34,31,35,22,-17.727272727272712
1720505012,38,43,47,36,-15.199999999999989
1720505013,63,59,58,40,-25.59999999999998
1720505014,58,56,59,56,-7.000000000000037
1720505015,43,43,40,38,-0.5999999999999445
1720505016,37,38,34,18,-22.000000000000007
1720505017,41,47,47,31,-15.799999999999955
1720505018,77,72,71,44,-20.363636363636356
1720505019,128,132,126,86,-27.79999999999979
1720505020,100,96,98,53,-48.79999999999997
1720505021,128,133,130,77,-43.699999999999704
1720506001,72,76,81,70,-14.899999999999888
1720506002,29,27,27,26,-1.428571428571413
1720506003,36,34,33,35,-0.19999999999998966
1720506004,13,12,11,14,-1.4545454545454477
1720506005,58,56,58,60,-2.0000000000000395
1720506006,113,109,105,95,-12.099999999999868
1720507001,10,7,8,8,-0.272727272727263
1720507002,2,3,5,5,-0.4285714285714223
1720507003,30,30,34,21,-16.416666666666707
1720507004,69,67,69,46,-27.230769230768992
1720507005,8,4,6,5,-3.3571428571428434
1720507006,101,91,78,78,-1.363636363636434
1720507007,47,36,40,30,-12.818181818181872
1720507008,69,80,69,55,-16.89999999999983
1720507009,70,79,65,43,-27.181818181818258
1720507010,51,53,50,43,-11.999999999999957
1720507011,110,115,112,100,-16.799999999999958
1720507012,54,63,63,40,-20.99999999999992
1720507013,0,0,0,2,1.7333333333333378
1720507014,29,31,30,30,-2.3333333333333415
1720507015,49,59,65,46,-18.499999999999954
1720507016,67,73,70,63,-4.583333333333341
1720507017,162,166,158,103,-47.09999999999974
1720507018,8,6,13,6,-7.555555555555573
1720507019,47,44,35,33,-6.750000000000025
1720507020,21,18,19,14,-7.199999999999982
1720508001,6,14,11,5,-8.636363636363642
1720508002,33,34,29,12,-22.399999999999977
1720508003,22,22,24,8,-17.000000000000004
1720508004,10,8,17,12,-4.272727272727261
1720508005,48,44,60,37,-30.45454545454554
1720508006,1,0,0,1,0.7777777777777768
1720508007,0,0,0,0,-0.2666666666666675
1720508008,20,24,28,10,-16.000000000000004
1720508009,53,41,48,22,-29.79999999999993
1720508010,37,34,35,25,-11.363636363636438
1720508011,22,13,18,6,-14.39999999999997
1720508013,11,10,9,5,-5.999999999999971
1720508014,17,15,19,10,-11.599999999999968
1720508015,20,18,16,17,0.5454545454545457
1720508016,20,9,14,10,-6.999999999999999
1720508017,16,12,10,10,-6.6999999999999575
1720508018,42,28,30,21,-10.699999999999918
1720508019,5,4,4,1,-3.687499999999996
1720508020,10,3,4,4,-2.363636363636362
1720508021,8,9,7,12,5.636363636363632
1720508023,1,0,0,2,1.7777777777777772
1720508024,11,13,13,10,-2.999999999999996
1720508025,7,1,5,2,-4.272727272727269
1720508026,0,5,4,3,-1.9999999999999927
1720508027,20,14,9,17,5.769230769230763
1720508028,18,15,16,16,-1.8999999999999653
1720508029,0,0,0,0,-0.2666666666666675
1720508030,27,25,24,24,-3.499999999999974
1720508031,66,65,63,57,-6.272727272727318
1720508032,101,102,100,93,-16.19999999999991
1720508034,64,56,63,56,-14.299999999999969
1720509001,1,1,3,0,-3.933333333333335
1720509002,1,1,0,1,0.0666666666666691
1720509003,105,119,105,64,-36.29999999999998
1720509004,4,2,4,2,-2.200000000000004
1720509007,4,2,2,1,-1.1999999999999995
1720509008,9,8,7,1,-7.272727272727264
1720707001,325,336,308,322,9.600000000000042
1720707001,325,336,308,322,-49.59999999999944
1720707002,126,130,110,113,7.200000000000159
1720707002,126,130,110,113,19.272727272727305
1720708001,8,8,1,7,4.100000000000003
1720708001,8,8,1,7,1.6363636363636362
1720710005,72,73,65,65,1.09090909090906
1720710005,72,73,65,65,-1.272727272727416
1738401001,2,2,2,2,3.1287235824825696e-15
1738401002,68,70,66,67,1.4000000000000572
1738402001,94,110,99,118,20.400000000000116
1738402001,94,110,99,118,-3.076923076923065
1738403001,353,348,344,344,-5.1999999999996165
1738403003,53,54,43,44,-3.000000000000032
1738403004,82,90,85,72,-13.54545454545458
1738403005,94,113,85,119,39.40000000000003
1738403006,100,104,94,103,0.09090909090888283
1738404001,189,194,174,179,2.100000000000216
1738404001,189,194,174,179,-0.2666666666666675
1738404002,78,73,78,80,1.7500000000000218
1738404003,50,52,50,48,-1.7692307692306837
1738404004,174,180,178,181,6.9000000000002055
1738404005,63,64,60,55,-8.299999999999875
1738404006,59,59,61,53,-14.600000000000016
1738404007,107,114,107,102,-13.090909090909195
1738405001,6,8,6,7,-0.4444444444444452
1738405002,269,277,245,270,30.5000000000003
1738405003,110,127,101,121,22.500000000000156
1738405004,109,119,109,115,6.999999999999911
1738405005,286,297,251,277,-8.599999999999541
1738405006,99,95,87,100,9.000000000000112
1738405007,44,41,42,41,-3.636363636363691
1738405008,216,214,197,210,-6.699999999999658
1738405009,104,105,94,109,14.099999999999953
1738406001,89,110,97,100,8.50000000000013
1738406002,175,179,178,183,2.8181818181816944
1738406003,83,86,80,82,-4.0000000000000515
1738406004,192,192,189,184,-13.799999999999748
1738406005,124,124,115,113,-16.000000000000167
1738406006,91,88,89,93,-1.3999999999998451
1738406007,67,83,64,62,-1.1999999999998512
1738407001,177,173,185,188,2.5000000000000533
1738407002,210,218,192,203,-3.099999999999797
1738407003,215,219,199,226,16.000000000000025
1738408001,227,225,221,235,-4.399999999999758
1738408002,205,215,195,219,14.200000000000207
1738408003,65,69,79,77,2.9000000000000536
1738408004,105,143,150,150,1.699999999999944
1738408005,10,15,14,14,-4.299999999999987
1738408006,226,236,221,252,47.999999999999915
1738408007,0,0,0,0,-0.2666666666666675
1738408008,16,15,18,19,0.20000000000001386
1738408009,419,425,383,416,34.89999999999977
1738408010,38,41,37,29,-12.076923076922995
1738408011,12,17,17,14,-3.500000000000002
1738409001,80,93,81,88,7.400000000000103
1738409002,105,105,101,111,12.699999999999934
1738409003,90,92,87,95,14.300000000000093
1738409004,100,113,104,112,4.800000000000022
1738409005,9,10,8,9,2.2105263157894672
1738409006,169,173,172,181,4.700000000000237
1738409007,29,25,27,41,10.454545454545427
1738409008,47,53,54,50,-1.9999999999999332
1738409009,7,4,7,3,-5.999999999999997
1738409010,42,44,44,40,-5.083333333333351
1738410001,130,135,116,123,20.600000000000147
1738410003,4,5,4,5,-0.5833333333333355
1738410004,20,24,26,17,-7.000000000000005
1738410005,12,16,15,14,-0.39999999999998387
1738410006,4,5,8,8,-1.583333333333332
1738411001,39,48,39,38,-6.199999999999938
1738411002,11,21,7,13,6.454545454545454
1738411003,96,92,91,95,7.800000000000067
1738411004,65,79,58,69,11.30000000000015
1738411005,21,24,18,24,5.899999999999996
1738411006,148,179,149,135,-17.599999999999817
1738411007,275,288,282,282,-26.999999999999392
1738411008,37,33,36,43,4.4545454545454115
1738411009,53,57,58,61,-1.166666666666662
1738411010,0,5,5,4,-1.9999999999999907
1738411011,7,10,12,11,0.20000000000000523
1738412001,6,12,12,12,-0.6666666666666813
1738412002,95,91,92,96,5.800000000000069
1738412003,117,118,117,133,12.499999999999908
1738412004,187,212,185,191,5.400000000000138
1738412005,15,18,10,18,8.363636363636333
1738412006,113,121,96,105,6.700000000000129
1738412007,48,50,43,47,3.3000000000000402
1738412008,54,55,55,67,7.000000000000032
1738412009,27,26,24,35,7.1428571428571415
1738412010,21,30,24,20,0.27272727272725195
1738412011,5,4,4,3,-1.687499999999997
1738412012,20,37,26,23,-9.099999999999984
1738412013,16,17,14,10,-2.916666666666682
1738412014,20,27,25,11,-15.363636363636378
1738412015,8,5,4,5,0.1000000000000028
1738413001,130,148,128,139,-0.19999999999980606
1738413002,6,11,8,6,-2.9999999999999782
1738413004,62,64,47,45,-5.799999999999902
1738413005,234,298,305,301,4.800000000000119
1738413007,158,143,149,142,-12.19999999999975
1738413008,57,49,50,40,-12.416666666666659
1738414001,101,99,99,99,-13.799999999999764
1738414002,47,44,39,38,-5.749999999999971
1738414003,43,47,37,42,4.300000000000062
1738414004,294,335,287,270,-27.699999999999413
1738415004,3,10,3,4,-0.4166666666666613
1738416001,6,15,5,12,3.5000000000000018
1738416002,2,3,4,0,-4.428571428571412
1738416003,129,139,120,101,-19.166666666666607
1738416004,182,200,166,163,8.300000000000079
1738416005,24,28,24,26,3.600000000000016
1738416006,0,1,1,1,0.23076923076923173
1738417001,22,31,20,19,-1.4545454545454646
1738417002,2,0,3,1,-2.3571428571428488
1740701001,350,378,313,332,25.00000000000067
1740701002,118,124,105,121,19.69999999999999
1740701003,252,261,253,258,16.500000000000274
1740701004,303,304,293,305,-20.399999999999835
1740701005,151,151,143,151,-2.099999999999633
1740701006,74,78,76,78,-1.1818181818182583
1740701007,71,81,74,78,-3.2999999999998333
1740701008,65,78,52,44,-8.799999999999876
1740701009,43,49,49,56,4.400000000000048
1740701010,118,115,108,108,-3.50000000000001
1740701011,104,101,101,111,-0.6999999999999251
1740702001,116,138,127,135,12.299999999999992
1740702002,120,122,112,110,1.599999999999995
1740703001,75,80,71,85,10.615384615384693
1740703002,60,62,59,58,-1.1999999999999789
1740703003,40,42,35,40,1.8000000000000569
1740703004,199,212,171,196,8.10000000000045
1740703005,641,674,601,663,43.80000000000108
1740703006,140,150,132,153,11.909090909090864
1740703007,297,335,257,328,56.300000000000345
1740703008,249,284,239,255,19.800000000000445
1740703009,1,3,3,7,3.9166666666666683
1740703010,0,0,0,0,-0.2666666666666675
1740704001,340,336,303,290,-16.799999999999617
1740704002,55,58,58,60,-1.99999999999995
1740704003,130,137,124,135,18.50000000000023
1740704004,229,232,221,225,4.999999999999745
1740704004,229,232,221,225,-0.19999999999999254
1740704006,94,97,78,78,4.500000000000099
1740704006,94,97,78,78,-1.7999999999999383
1740705001,238,287,199,228,35.90000000000043
1740705002,109,124,106,123,13.200000000000042
1740705003,198,192,168,185,4.600000000000361
1740705004,114,115,106,115,8.363636363636212
1740705005,76,79,75,78,6.400000000000092
1740705006,79,85,79,84,0.24999999999996175
1740705007,98,99,95,106,1.4615384615384603
1740706001,351,366,335,330,0.6000000000006296
1740707001,214,249,220,214,-19.99999999999959
1740707002,6,8,9,7,-3.4444444444444544
1740707003,246,266,237,214,-9.899999999999592
1740707004,146,153,133,125,-20.19999999999979
1740707005,130,134,122,117,1.8181818181815845
1740707006,71,68,61,68,0.5000000000001047
1740708001,60,77,65,70,6.800000000000102
1740708002,124,129,116,120,3.3000000000002077
1740708003,143,146,127,137,-1.3999999999998003
1740708004,62,62,60,57,-5.5999999999999615
1740708004,62,62,60,57,0.7000000000000003
1740708005,10,13,10,6,-6.461538461538438
1740708005,10,13,10,6,2.000000000000003
1740708006,4,4,5,2,-4.076923076923061
1740708006,4,4,5,2,-1.3999999999999817
1746101001,4,3,4,4,-0.18181818181817797
1746101002,0,0,0,1,0.7333333333333345
1746101003,5,3,2,5,1.6999999999999997
1746101004,4,3,2,3,0.8181818181818226
1746101005,7,7,7,8,-0.36363636363636076
1746101006,0,1,0,0,0.23076923076922903
1746101008,27,31,26,15,-10.2727272727273
1746101009,39,47,40,32,-13.999999999999934
1746101010,0,1,1,0,-0.7692307692307665
1746101011,13,15,13,9,-2.4999999999999982
1746101012,33,38,31,30,-5.099999999999971
1746101013,20,21,21,20,-0.8333333333333457
1746101014,28,28,29,27,-0.5999999999999779
1746101015,40,35,27,11,-16.454545454545475
1746101016,211,250,264,245,-30.799999999999958
1746101017,12,13,10,4,-5.5999999999999925
1746101018,21,22,22,18,-4.1000000000000165
1746101019,35,32,27,29,-2.9999999999999702
1746101020,10,6,9,5,-4.272727272727261
1746101021,34,35,34,28,-7.999999999999914
1746101022,17,17,15,14,0.30000000000001
1746101023,183,205,205,151,-43.7272727272727
1746101024,26,25,26,13,-19.909090909090907
1746101025,30,43,27,33,0.7000000000000448
1746101026,18,14,15,14,-2.7500000000000093
1746101027,27,33,19,25,9.30000000000002
1746101028,15,14,9,8,-2.3636363636363704
1746101029,13,12,12,13,-3.454545454545451
1746101030,90,93,78,72,2.9000000000000767
1746101031,21,21,17,16,-2.428571428571431
1746101032,11,11,10,4,-8.363636363636372
1746102001,289,315,279,271,-18.899999999999523
1746102002,264,269,255,234,-14.399999999999427
1746102003,15,14,13,9,-5.36363636363637
1746102004,225,243,209,207,-15.099999999999785
1746102005,14,13,11,13,-2.099999999999964
1746102006,2,3,5,6,0.5714285714285744
1746102007,38,46,45,24,-24.699999999999957
1746103001,13,8,8,9,-2.9
1746103002,123,131,122,108,-6.818181818181995
1746103003,78,72,66,36,-25.363636363636395
1746103004,42,34,27,16,-8.199999999999946
1746103005,22,25,22,18,-4.636363636363664
1746103006,29,34,23,21,-3.1999999999999775
1746103007,25,26,40,24,-19.72727272727274
1746103008,44,51,25,28,-1.1999999999999758
1746103009,8,13,9,15,4.384615384615392
1746103010,46,47,50,41,-13.63636363636365
1746104001,15,10,18,10,-9.61538461538458
1746104002,2,4,4,4,-1.2500000000000056
1746104003,2,2,3,2,-0.999999999999999
1746104004,40,43,47,35,-13.750000000000039
1746104005,14,6,15,14,-3.7272727272727257
1746104006,32,33,35,28,-9.63636363636364
1746104007,5,6,8,5,-2.4999999999999827
1746104008,26,35,26,26,2.1000000000000143
1746104009,18,19,13,13,1.6666666666666505
1746104010,55,52,56,53,-10.59999999999997
1746104011,84,93,87,86,-0.5999999999999227
1746104012,23,25,25,24,0.2999999999999904
1746104013,0,1,0,0,0.23076923076922903
1746104014,25,26,26,27,-2.727272727272736
1746104017,3,3,3,2,-0.9999999999999972
1746104018,28,22,22,29,3.1818181818181794
1746104019,17,26,21,25,4.800000000000004
1746104020,25,27,27,25,-3.166666666666677
1746301001,5,5,7,5,-2.9999999999999964
1746301003,2,0,1,4,2.6428571428571366
1746301004,0,1,0,0,0.23076923076922903
1746301005,5,2,4,3,-1.7272727272727222
1746301006,4,2,2,4,1.8000000000000018
1746301007,2,2,2,1,-0.9999999999999971
1746301008,0,0,0,0,-0.2666666666666675
1746302001,36,44,31,26,-11.000000000000016
1746302002,2,2,3,2,-0.999999999999999
1746302003,2,1,2,3,0.11111111111111295
1746302004,4,4,3,3,-1.0769230769230693
1746302005,14,22,15,11,-4.333333333333361
1746302006,29,26,23,29,3.307692307692298
1746302007,40,38,39,30,-12.29999999999993
1746302008,3,9,8,3,-7.090909090909082
1746302009,93,87,91,55,-42.33333333333344
1746302010,80,85,70,71,-3.2999999999999314
1746302011,33,31,38,35,-6.636363636363644
1746302012,73,65,77,52,-29.307692307692076
1746302013,29,48,52,48,-3.9090909090909363
1746302014,8,12,11,11,-0.30769230769228784
1746302015,100,102,97,72,-36.19999999999979
1746302016,15,25,25,21,-0.10000000000001642
1746302017,48,58,62,58,-7.399999999999955
1746302018,29,28,28,18,-11.615384615384567
1746302019,7,7,9,7,-3.3636363636363584
1746302020,13,16,17,9,-6.454545454545465
1746302021,67,71,75,64,-11.499999999999998
1746302022,37,42,36,27,-14.181818181818196
1746303001,128,135,143,142,11.30000000000017
1746303002,195,194,207,198,-12.000000000000346
1746303003,98,98,107,96,-13.272727272727337
1746303004,99,108,126,96,-35.6
1746303005,100,124,125,92,-31.599999999999802
1746304001,28,23,35,27,-13.500000000000004
1746304002,51,66,53,76,28.000000000000018
1746304003,10,8,17,7,-9.27272727272726
1746304004,5,6,4,5,1.499999999999996
1746305001,1,0,1,1,-0.2222222222222207
1746305002,5,4,8,7,-1.6874999999999933
1746305004,18,11,17,13,-4.300000000000013
1746305005,1,1,1,1,-0.9333333333333319
1746306001,94,79,79,80,-0.18181818181820208
1746306002,7,5,7,5,-3.909090909090906
1746306003,94,76,84,92,5.300000000000096
1746306004,68,74,89,84,-4.416666666666732
1746306005,36,24,35,41,6.818181818181826
1746306006,37,36,42,37,-4.866666666666605
1746306007,54,66,68,60,-9.799999999999995
1746306008,66,68,74,62,-10.818181818181893
1746306009,73,60,69,42,-23.29999999999994
1746306010,108,118,127,75,-48.200000000000145
1746306011,147,143,152,138,-17.399999999999903
1746306012,90,85,100,73,-36.72727272727275
1746306013,80,72,76,68,-5.727272727272816
1746306014,13,15,18,9,-7.500000000000004
1746306015,45,54,78,64,-13.600000000000007
1746306016,25,25,25,22,-10.333333333333323
1746306017,16,21,29,18,-11.900000000000025
1746306018,6,2,10,5,-6.399999999999996
1746306019,14,8,17,22,1.692307692307678
1746306020,16,23,26,26,-0.9090909090909236
1746306021,37,37,36,26,-14.999999999999982
1746306022,25,21,19,23,1.7692307692307723
1746306023,56,44,55,55,-2.075992468369723e-14
1746306024,6,8,12,12,-1.4444444444444502
1746306025,195,191,200,148,-60.7999999999996
1746306026,93,106,115,117,8.600000000000161
1746306027,28,32,24,26,2.8000000000000034
1746306028,174,181,203,196,3.3000000000000824
1746306029,60,48,76,52,-20.090909090909115
1746306030,115,133,138,120,-1.4999999999999407
1746306031,56,66,72,65,-8.454545454545578
1746306032,78,77,93,67,-21.363636363636388
1746306033,48,54,58,49,-8.199999999999967
1746306034,106,107,107,97,-7.899999999999972
1746306035,118,119,86,112,20.300000000000146
1746306036,17,22,27,18,-8.400000000000011
1746306037,113,112,126,79,-57.89999999999994
1746307001,199,208,234,212,-34.79999999999994
1746307002,134,138,149,144,-11.79999999999987
1746308001,8,18,9,5,-5.846153846153836
1746308002,4,3,3,3,-0.18181818181817797
1746308004,0,0,0,0,-0.2666666666666675
1746308006,0,0,1,1,-0.26666666666666805
1746309001,30,27,27,18,-11.363636363636376
1746309003,1,2,2,3,0.7999999999999997
1746309006,8,7,6,9,2.3333333333333526
1746309008,10,12,10,8,-4.07142857142855
1746309010,28,26,18,11,-9.699999999999969
1746309011,7,10,8,8,1.2000000000000035
1746309012,39,42,43,42,-5.999999999999971
1746309013,23,22,24,22,-7.499999999999992
1746309014,1,3,3,2,-1.0833333333333364
1746309015,2,2,1,0,-0.9999999999999989
1746309016,1,1,2,1,-1.9333333333333358
1746309017,3,3,3,0,-2.999999999999995
1746309018,11,13,14,10,-3.9999999999999956
1746309019,49,46,41,37,-8.19999999999994
1746309020,21,23,24,23,0.9090909090908994
1746309021,44,44,44,41,-5.8333333333333215
1746309022,21,25,33,23,-12.999999999999975
1746309023,51,47,59,58,-2.899999999999902
1746309024,49,51,52,50,-3.416666666666668
1746309025,88,80,86,80,-12.999999999999899
1746309026,66,73,66,75,12.000000000000078
1746309027,42,41,41,41,-1.9999999999999998
1746309028,112,119,114,110,-2.0999999999999694
1746309029,12,20,19,18,0.10000000000000092
1746309030,25,22,29,26,-8.41666666666667
1746309031,1,2,2,4,1.7999999999999972
1746309032,25,19,19,21,-0.49999999999996253
1746309033,15,14,15,10,-6.3636363636363535
1746309034,27,21,23,16,-8.857142857142819
1746309035,10,13,10,9,-3.461538461538448
1746309036,84,82,87,80,-15.899999999999899
1746309037,3,3,4,3,-0.999999999999999
1746309038,38,38,38,34,-6.928571428571369
1746309039,60,63,64,49,-17.8181818181819
1746309041,0,0,1,0,-1.2666666666666675
1746309042,12,5,9,6,-5.333333333333336
1720101004,0,1,2,1,-0.7692307692307638
1720101005,17,21,16,24,8.41666666666665
1720101006,21,23,18,20,3.9090909090909114
1720101007,7,15,9,10,-3.0000000000000018
1720101008,54,52,55,69,6.666666666666674
1720101009,5,5,2,5,1.9999999999999984
1720101010,8,6,5,9,3.444444444444436
1720101011,10,18,15,16,0.6999999999999768
1720101012,1,6,3,6,2.3333333333333366
1720101013,6,4,5,9,1.0769230769230793
1720101014,11,17,9,13,3.4545454545454426
1720101015,12,14,14,8,-4.899999999999993
1720101016,4,8,6,3,-5.2
1720101017,30,26,25,24,-2.4999999999999813
1720101018,56,48,45,57,13.818181818181792
1720101019,26,18,22,22,-1.8333333333333206
1720101020,373,326,372,336,-52.29999999999914
1720101021,31,28,29,36,5.899999999999996
1720101022,12,10,12,6,-8.66666666666666
1720101023,169,138,136,135,-3.2999999999996854
1720101024,239,218,221,228,-17.80000000000004
1720101025,114,107,88,99,12.090909090909147
1720101026,180,157,155,153,-1.8999999999996346
1720101028,34,38,41,35,-11.272727272727298
1720101029,12,10,11,12,-1.6666666666666596
1720101030,223,215,225,209,-27.900000000000077
1720101031,235,202,201,229,19.81818181818178
1720101034,8,6,6,11,4.44444444444443
1720101036,22,21,19,26,2.2727272727272725
1720101037,3,4,2,4,0.9285714285714246
1720101038,0,0,0,0,-0.2666666666666675
1720101039,4,9,10,8,-3.7500000000000053
1720101042,42,43,41,32,-10.666666666666709
1720101043,0,0,0,1,0.7333333333333345
1720101044,1,2,5,2,-3.199999999999996
1720101045,20,21,19,14,-4.833333333333359
1720101046,7,4,13,6,-8.999999999999979
1720101047,19,18,22,26,4.000000000000007
1720101054,23,26,24,25,-3.538461538461518
1720101055,45,36,43,37,-5.750000000000021
1720101056,1,0,1,0,-1.2222222222222208
1720101057,0,0,0,0,-0.2666666666666675
1720101058,5,7,5,7,1.5882352941176512
1720101059,1,5,5,5,-0.9999999999999959
1720101060,5,2,4,5,0.2727272727272794
1720101061,30,31,25,22,-6.299999999999974
1720101062,22,30,25,24,3.6000000000000143
1720101063,14,33,24,27,1.200000000000042
1720101064,15,15,14,12,-1.8181818181818044
1720101065,58,56,55,51,-8.00000000000006
1720101066,11,13,4,10,5.999999999999995
1720101067,7,2,3,7,2.5384615384615437
1720101068,11,15,8,12,2.7272727272727173
1720101069,12,12,15,10,-7.818181818181811
1720101071,4,3,1,2,0.8181818181818223
1720101072,30,32,35,31,-5.636363636363689
1720101073,31,26,31,24,-10.749999999999977
1720101074,13,8,8,11,-0.9000000000000007
1720101075,18,23,13,11,-2.0909090909091064
1720101076,43,51,42,38,-9.272727272727323
1720101077,7,7,14,7,-8.363636363636353
1720101078,17,21,18,20,2.4166666666666345
1720101079,2,1,1,0,-1.8888888888888877
1720101080,5,3,1,4,1.7000000000000037
1720101081,66,53,60,51,-10.399999999999928
1720101082,15,20,18,20,1.2727272727272674
1720101083,22,26,22,17,-11.699999999999942
1720101084,9,11,15,8,-7.599999999999985
1720101085,6,4,4,5,-1.9230769230769225
1720101086,0,2,2,0,-2.1999999999999957
1720101087,13,13,15,12,-3.9166666666666767
1720101088,70,76,58,54,-4.545454545454671
1720101089,11,15,16,14,-3.2727272727272765
1720101090,4,11,9,13,3.272727272727274
1720101091,16,22,19,19,-0.30000000000003185
1720101092,4,4,4,2,-3.076923076923065
1720101093,8,10,12,10,0.3999999999999985
1720101094,6,6,4,3,-1.5714285714285683
1720101095,3,0,3,2,-1.7272727272727282
1720101096,6,7,4,10,5.583333333333339
1720101097,2,4,5,4,-2.250000000000005
1720101098,16,22,20,18,-2.300000000000015
1720101099,5,8,6,8,0.08333333333333633
1720101100,9,9,8,9,2.6363636363636376
1720101101,2,3,6,4,-2.428571428571418
1720101102,12,9,12,9,-5.499999999999987
1720101105,42,40,33,38,0.4545454545454124
1720101106,17,11,22,21,-4.15384615384614
1720101107,49,34,43,44,-0.8181818181819034
1720101108,52,40,50,40,-12.090909090909136
1720101109,127,113,107,116,1.500000000000076
1720101110,178,163,141,147,-9.699999999999594
1720101111,342,273,304,308,-21.699999999999324
1720101112,110,72,79,95,19.363636363636346
1720101113,110,94,87,121,35.800000000000196
1720101114,169,162,146,188,38.90909090909071
1720101115,21,49,43,35,-11.39999999999991
1720101116,58,50,57,44,-18.45454545454547
1720101117,36,45,41,37,-9.7272727272727
1720101118,59,80,66,55,-11.299999999999931
1720101119,22,17,18,17,-1.7857142857142698
1720101120,4,7,7,4,-3.9999999999999747
1720101121,72,56,73,62,-8.699999999999974
1720101122,225,167,184,173,-23.181818181818176
1720101123,238,207,194,228,25.19999999999987
1720101124,14,8,17,13,-7.307692307692271
1720101125,3,0,1,3,1.2727272727272727
1720101128,66,37,53,67,13.30000000000006
1720101129,124,72,102,140,39.60000000000006
1720101130,50,38,46,56,10.500000000000027
1720101131,69,64,65,65,-0.5454545454545696
1720101132,186,156,135,116,-30.499999999999652
1720101133,17,21,15,14,-0.5833333333333689
1720101134,10,7,9,7,-2.2727272727272636
1720101135,36,43,40,42,-2.0769230769229834
1720101136,40,21,32,28,-11.599999999999977
1720101137,16,12,15,13,-8.699999999999946
1720101138,1,1,1,1,-0.9333333333333319
1720101139,8,11,8,9,0.6666666666666642
1720101140,8,9,15,9,-5.363636363636356
1720101141,25,26,17,28,7.272727272727246
1720101142,25,19,18,20,-0.4999999999999834
1720101143,17,11,21,16,-8.153846153846116
1720101144,4,5,4,5,-0.5833333333333355
1720101145,76,59,71,64,-8.909090909091013
1720101146,204,146,211,215,-13.299999999999887
1720101147,365,309,260,309,53.60000000000071
1720101148,45,38,44,36,-11.909090909090958
1720101149,467,426,306,426,119.40000000000013
1720101150,518,428,464,494,29.900000000000954
1720101151,514,452,411,469,73.2000000000005
1720102001,53,49,32,44,12.80000000000003
1720102002,71,64,78,64,-10.699999999999985
1720102003,88,43,73,76,-1.199999999999964
1720102004,245,130,180,242,26.900000000000126
1720102005,87,48,53,68,18.30000000000002
1720102006,68,56,38,46,5.3636363636363145
1720103001,41,40,41,42,-3.399999999999948
1720103002,24,27,30,34,1.9285714285714717
1720103003,73,72,61,81,19.90000000000005
1720103004,18,24,23,21,-1.2999999999999945
1720103005,16,10,15,13,-6.0000000000000036
1720103006,26,30,27,27,2.3000000000000185
1720103007,11,11,11,11,-2.3636363636363726
1720103008,7,7,5,6,-0.3636363636363593
1720103009,13,14,9,12,5.727272727272726
1720104001,14,15,18,12,-4.100000000000009
1720104002,15,18,10,16,6.36363636363634
1720104003,16,16,14,17,3.363636363636362
1720104004,0,0,1,1,-0.26666666666666805
1720104005,22,10,19,16,-4.3
1720104006,10,11,13,10,-4.699999999999991
1720104007,15,13,11,12,-2.3333333333333184
1720105002,28,29,31,30,0.45454545454541556
1720105003,44,45,52,41,-12.499999999999968
1720105004,27,24,21,26,-3.29999999999998
1720105005,5,3,8,8,-1.300000000000003
1720105006,11,10,7,10,1.0000000000000064
1720105007,6,10,7,10,3.000000000000004
1720105009,1,1,1,3,1.0666666666666689
1720106001,188,187,185,187,-18.099999999999664
1720106002,69,83,82,79,-4.299999999999875
1720106003,87,75,64,94,26.100000000000097
1720106004,1,1,0,0,-0.9333333333333317
1720106005,44,36,29,35,5.300000000000016
1720106006,18,19,19,21,3.6666666666666368
1720106007,18,23,8,27,18.909090909090903
1720106008,0,3,2,5,2.555555555555557
1720106009,6,6,4,12,7.4285714285714155
1720106010,2,3,0,2,1.5714285714285663
1720106011,109,125,79,136,54.61538461538463
1720106012,48,52,36,50,16.100000000000048
1720106013,10,18,10,15,4.7
1720106014,4,3,3,8,4.818181818181818
1720106015,16,13,5,18,7.727272727272727
1720106016,2,2,1,1,3.343863540915253e-15
1720106018,2,1,0,1,0.11111111111111222
1720106019,33,31,24,44,16.363636363636328
1720107001,11,6,11,12,-0.8181818181818034
1720107002,25,24,23,32,4.100000000000022
1720107003,15,24,19,23,7.799999999999986
1720107004,47,45,45,64,13.272727272727227
1720107005,5,5,5,7,0.999999999999998
1720107006,0,1,1,5,4.230769230769233
1720107007,0,1,3,2,-0.7692307692307662
1720107008,29,23,16,27,3.600000000000035
1720107009,12,16,10,23,13.60000000000002
1720107010,32,31,25,31,1.5384615384616303
1720107011,2,4,2,1,-2.2500000000000084
1720107012,6,9,7,9,1.000000000000021
1720108001,0,1,1,0,-0.7692307692307665
1720108002,0,0,0,0,-0.2666666666666675
1720108003,3,4,1,5,2.9285714285714204
1720108004,2,0,1,1,-0.3571428571428552
1720108006,13,10,12,11,-2.3636363636363695
1720108007,46,52,34,47,12.99999999999994
1720108008,78,87,75,96,19.083333333333353
1720108009,26,22,22,29,0.3636363636363531
1720108010,88,110,76,124,53.500000000000135
1720108011,17,13,12,15,0.27272727272726793
1720108012,62,59,43,75,28.600000000000012
1720108013,30,29,26,48,20.18181818181816
1720108014,10,12,17,27,7.928571428571423
1720108015,4,3,5,4,-1.1818181818181799
1720108016,1,3,3,2,-1.0833333333333364
1720108017,93,87,79,113,27.666666666666615
1720108018,131,175,157,182,25.600000000000243
1720108019,13,19,15,23,8.5
1720108020,10,13,4,12,5.538461538461531
1720108021,8,14,6,16,5.727272727272728
1720108022,4,15,8,14,0.09090909090907892
1720108023,14,8,8,13,1.6923076923076896
1720108024,18,19,13,12,0.6666666666666435
1720108025,47,39,40,65,23.9166666666667
1720108026,6,2,4,5,-0.39999999999999475
1720108027,8,10,11,10,1.400000000000003
1720108028,12,23,18,27,9.090909090909086
1720108029,10,15,10,18,3.7000000000000157
1720108030,4,4,4,6,0.9230769230769311
1720108031,7,14,7,12,2.0714285714285663
1720108032,8,8,7,6,-2.899999999999991
1720108033,4,9,8,7,-2.7500000000000027
1720108034,62,45,56,68,12.499999999999945
1720108035,52,67,52,66,17.700000000000077
1720108036,54,44,49,56,-0.6999999999999901
1720108037,25,25,17,39,14.666666666666675
1720108038,18,19,19,21,3.6666666666666368
1720108039,23,22,16,25,3.5000000000000084
1720108041,21,22,15,26,10.899999999999972
1720108042,3,4,3,2,-2.071428571428562
1720109001,792,549,639,739,-3.0999999999993335
1720110001,397,311,342,362,24.99999999999999
1720111001,146,89,117,133,24.000000000000057
1720111002,539,451,462,471,-8.199999999999282
1720111003,175,168,179,186,-6.500000000000088
1720111004,13,19,14,25,11.499999999999982
1720111005,0,1,0,0,0.23076923076922903
1720111007,68,79,54,79,24.90909090909082
1720111008,22,21,17,16,-5.727272727272737
1720111009,318,245,265,295,-7.299999999999726
1720111010,327,262,238,256,-21.89999999999949
1720111011,15,12,7,20,7.636363636363622
1720111012,1,1,1,1,-0.9333333333333319
1720111013,2,1,1,4,2.1111111111111103
1720111014,4,7,4,6,1.0000000000000058
1720111015,1,1,0,3,2.066666666666671
1720111016,2,8,2,6,2.800000000000006
1720111017,9,2,6,5,-3.0833333333333366
1720111018,0,3,2,2,-0.4444444444444478
1720111019,3,3,3,4,0.9999999999999997
1720111020,6,8,8,13,3.5555555555555562
1720111021,4,5,4,6,0.41666666666666663
1720111022,2,9,5,7,-0.09090909090909005
1720111023,2,6,5,7,1.333333333333339
1720111024,4,8,7,6,-3.1999999999999993
1720111025,1,2,1,0,-1.1999999999999973
1720111026,1,0,0,0,-0.22222222222222143
1720111028,160,134,111,147,36.9000000000002
1720112001,20,22,13,28,15.230769230769209
1720112002,19,25,24,21,-5.799999999999979
1720112003,7,9,8,7,-0.2727272727272759
1720112004,1,1,1,0,-1.9333333333333342
1720112005,50,47,44,42,-4.799999999999934
1720112006,25,19,26,24,-4.4999999999999565
1720112007,14,13,12,18,1.9000000000000081
1720112008,77,100,61,99,41.400000000000034
1720112009,11,17,18,13,-5.545454545454553
1720112010,38,33,35,39,2.8181818181817926
1720112011,38,43,30,37,2.800000000000048
1720112012,11,16,16,15,-3.0833333333333393
1720112013,0,1,1,1,0.23076923076923173
1720112014,0,1,2,1,-0.7692307692307638
1720112015,4,10,6,9,1.3846153846153877
1720112016,0,0,0,0,-0.2666666666666675
1720112017,12,18,21,30,8.999999999999963
1720112018,8,7,5,7,1.3333333333333426
1720112019,0,2,1,1,-0.1999999999999977
1720112020,2,3,2,5,2.5714285714285654
1720112021,26,18,21,27,4.166666666666668
1720112022,26,20,23,31,4.9090909090909
1720112023,62,46,65,56,-5.70000000000007
1720112024,10,8,8,11,3.72727272727274
1720112025,4,2,2,11,8.800000000000008
1720112026,12,15,10,24,13.899999999999997
1720112027,25,24,21,32,6.100000000000014
1720112028,34,34,32,38,0.9000000000000394
1720112029,20,34,35,44,3.5000000000000036
1720112030,0,0,0,1,0.7333333333333345
1720112031,8,14,11,18,2.7272727272727333
1720112032,21,21,13,17,2.5714285714285743
1720112033,5,2,3,7,3.2727272727272756
1720112034,30,19,17,24,5.636363636363627
1720112035,20,25,18,20,-0.7999999999999793
1720112036,37,34,26,36,8.636363636363559
1720112037,30,30,28,35,3.5833333333333135
1720112038,213,157,148,209,47.50000000000018
1720112039,94,63,64,82,10.900000000000045
1720112040,77,73,61,73,11.300000000000136
1720112999,0,0,1,0,-1.2666666666666675
1720113001,26,26,25,24,-2.699999999999997
1720113002,39,28,34,30,-3.899999999999943
1720113003,156,162,166,132,-22.099999999999707
1720113004,191,203,193,198,11.399999999999983
1720113005,85,72,74,66,-10.199999999999813
1720113006,2,1,4,1,-3.8888888888888853
1720113007,6,5,14,6,-7.800000000000016
1720301001,8,9,10,8,-1.3636363636363646
1720301002,6,6,9,7,-2.5714285714285587
1720301003,20,13,21,10,-11.58333333333334
1720301004,37,33,31,36,2.454545454545412
1720301005,13,13,12,14,1.083333333333322
1720301006,246,228,227,177,-53.8
1720301007,73,65,63,54,-13.30769230769208
1720301008,64,65,60,56,-5.899999999999941
1720301009,73,71,60,64,3.600000000000119
1720301010,34,36,32,33,-2.299999999999933
1720301011,119,109,97,96,-7.899999999999997
1720301012,106,105,81,98,19.70000000000007
1720301013,58,48,52,41,-8.090909090909115
1720301014,18,18,15,17,1.9166666666666277
1720301015,52,55,57,49,-11.699999999999973
1720301016,52,32,31,33,4.600000000000085
1720301017,107,95,87,90,-0.27272727272737124
1720301018,104,107,97,100,3.600000000000051
1720301019,194,161,157,169,-8.272727272727481
1720301020,97,69,79,76,-3.7999999999999496
1720301021,82,80,81,63,-22.499999999999847
1720301022,50,39,51,36,-18.08333333333332
1720301023,23,14,15,22,4.400000000000019
1720301024,90,89,91,80,-12.833333333333442
1720301025,43,34,32,41,11.083333333333337
1720301026,217,214,190,199,-0.5999999999998393
1720301027,87,65,84,74,-7.199999999999871
1720301028,428,409,408,409,0.8999999999996964
1720301029,76,65,70,58,-14.90909090909092
1720301030,61,48,50,47,0.769230769230869
1720301031,348,341,315,350,23.300000000000296
1720301032,160,157,141,137,-0.28571428571400914
1720301033,80,69,82,73,-5.899999999999831
1720301034,183,179,166,148,-11.39999999999981
1720301035,1,0,1,2,0.7777777777777729
1720301036,164,143,141,141,-15.69999999999968
1720301037,70,41,36,45,10.50000000000004
1720301038,111,108,95,102,9.91666666666649
1720301039,69,59,59,55,-3.0999999999999335
1720301040,137,141,144,140,-11.499999999999709
1720301041,92,81,86,62,-27.699999999999893
1720301042,33,34,32,24,-13.399999999999958
1720301043,406,250,340,349,0.4000000000006382
1720301044,14,14,13,13,3.400000000000002
1720301046,17,17,18,14,-2.699999999999991
1720301047,37,35,32,34,0.7000000000000007
1720301048,40,41,41,38,-7.307692307692261
1720301049,179,185,168,151,-22.599999999999785
1720301050,79,81,64,64,-3.399999999999836
1720301051,114,97,95,99,6.499999999999961
1720301052,271,256,239,204,-43.19999999999961
1720301053,224,212,188,156,-39.3999999999999
1720301054,36,37,47,52,1.6999999999999873
1720301055,204,217,226,189,-46.6999999999999
1720301056,365,342,321,300,-27.999999999999275
1720301057,111,127,96,103,15.800000000000217
1720301058,233,217,201,216,-6.899999999999839
1720301059,450,379,366,375,7.1000000000006835
1720301060,34,29,32,32,-2.50000000000002
1720301061,280,258,271,240,-37.60000000000012
1720301062,21,16,15,16,-0.19999999999998336
1720301063,60,51,52,50,-10.899999999999942
1720301064,274,226,252,234,-52.299999999999656
1720301065,240,167,173,180,2.8000000000004714
1720301066,19,9,14,23,5.818181818181795
1720301067,164,129,127,122,-12.3999999999997
1720301069,6,6,2,12,9.428571428571411
1720301070,63,70,38,63,32.900000000000006
1720301071,11,10,9,11,1.95928541256871e-15
1720301072,32,24,16,25,8.100000000000014
1720301073,16,24,25,16,-6.000000000000012
1720301074,25,14,16,29,8.50000000000002
1720301075,45,58,40,59,14.63636363636358
1720301076,110,102,93,103,4.8000000000001535
1720301077,111,115,112,106,-10.800000000000008
1720301078,195,179,122,173,40.90000000000007
1720301079,158,166,161,124,-20.299999999999756
1720301080,116,117,91,99,9.545454545454529
1720301081,382,320,316,328,12.200000000000324
1720301902,18,18,14,15,0.9166666666666368
1720302001,370,346,300,313,-0.19999999999913592
1720302002,150,168,142,146,2.1000000000000005
1720302003,51,56,35,61,21.60000000000001
1720303001,137,168,125,137,15.181818181817874
1720303002,193,162,142,153,-14.99999999999976
1720303003,116,123,110,111,-0.3999999999999565
1720303004,52,57,53,56,-1.399999999999955
1720303005,13,12,8,15,2.5454545454545467
1720303006,31,46,19,26,2.6000000000000365
1720303007,84,90,52,39,-18.29999999999992
1720304001,217,215,159,158,-9.999999999999831
1720304002,238,237,197,153,-51.90000000000012
1720304003,166,139,108,142,28.20000000000009
1720304004,9,3,7,6,-3.571428571428556
1720304005,55,51,31,33,-4.099999999999921
1720305001,99,120,107,115,7.199999999999989
1720305002,103,129,110,96,-10.999999999999934
1720305003,66,50,60,67,7.900000000000025
1720305004,16,23,18,18,-0.9090909090909128
1720305005,7,10,10,6,-2.8000000000000025
1720305006,25,22,19,21,-3.4166666666666874
1720305008,1,3,3,3,-0.08333333333333197
1720305009,8,6,5,8,2.444444444444436
1720305010,40,36,27,37,7.500000000000003
1720306001,80,63,73,87,14.454545454545327
1720306002,18,18,13,20,6.916666666666651
1720306003,58,65,67,68,-1.7999999999999767
1720306004,91,81,84,81,-6.699999999999915
1720306005,53,40,47,58,7.90909090909087
1720306006,62,62,54,67,10.400000000000052
1720306007,30,25,33,23,-12.89999999999994
1720308001,130,139,115,108,-10.999999999999783
1720308002,178,180,125,172,45.4000000000002
1720308003,218,213,196,209,3.9000000000001127
1720308004,47,32,47,37,-10.583333333333394
1720308005,27,18,23,19,-7.272727272727287
1720308006,52,39,58,38,-22.499999999999947
1720308007,18,20,13,17,4.8999999999999915
1720308008,14,11,12,19,2.1999999999999984
1720308009,31,38,30,41,10.100000000000025
1720309001,67,69,68,51,-15.899999999999965
1720309002,46,53,36,44,7.666666666666658
1720309003,58,56,47,38,-13.000000000000048
1720309004,51,47,49,39,-11.899999999999935
1720309005,98,85,85,84,-7.666666666666733
1720309006,125,133,118,117,13.400000000000198
1720309007,42,39,34,39,0.3000000000000414
1720309008,113,124,99,109,15.099999999999996
1720309009,109,109,99,86,-14.299999999999907
1720309010,165,153,152,117,-29.583333333333538
1720309011,48,60,46,27,-19.399999999999903
1720309012,128,125,114,102,-31.69999999999976
1720309013,22,28,29,26,-2.909090909090928
1720309014,67,64,54,62,6.8000000000000895
1720309015,58,52,40,54,4.900000000000019
1720310001,34,28,21,34,12.099999999999993
1720310002,17,14,14,25,6.785714285714292
1720310003,83,78,76,78,-1.4999999999998093
1720310004,25,14,12,22,5.500000000000022
1720310005,30,20,31,23,-10.416666666666634
1720310006,36,39,39,49,5.6666666666666545
1720310007,46,44,48,43,-7.999999999999907
1720310008,27,17,21,21,0.3000000000000037
1720310009,0,0,0,0,-0.2666666666666675
1720310010,1,2,1,0,-1.1999999999999973
1720310011,0,0,0,0,-0.2666666666666675
1720601001,62,47,42,45,6.2999999999999625
1720601002,51,64,39,48,15.20000000000008
1720601003,48,22,33,38,6.000000000000006
1720601004,93,77,79,79,-4.799999999999961
1720601005,249,225,183,146,-42.79999999999992
1720601006,30,17,29,19,-9.39999999999996
1720601007,6,5,5,11,6.200000000000018
1720601008,9,15,14,17,-1.8000000000000052
1720601009,105,112,73,110,26.300000000000054
1720601010,19,10,14,17,0.9999999999999791
1720601011,0,0,1,0,-1.2666666666666675
1720602001,129,114,109,112,-2.0999999999998096
1720602002,150,151,132,138,-5.599999999999695
1720602003,70,68,81,72,-16.636363636363676
1720602004,6,8,8,6,-3.444444444444455
1720602005,344,319,258,301,28.200000000000337
1720602006,268,217,144,198,40.20000000000029
1720602007,160,150,102,134,29.090909090908994
1720602008,301,268,211,237,3.5000000000002998
1720602009,203,201,169,191,25.900000000000233
1720603001,271,277,178,189,11.400000000000238
1720603002,231,188,160,206,19.800000000000257
1720603003,174,145,108,139,29.700000000000347
1720603004,101,94,86,73,-15.299999999999859
1720603005,87,79,80,55,-30.818181818181905
1720603006,130,116,87,113,19.300000000000136
1720603007,35,35,26,37,8.499999999999998
1720603008,46,46,38,53,10.818181818181786
1720603009,45,35,28,43,14.545454545454474
1720603010,141,128,116,143,11.700000000000085
1720603011,88,88,82,93,8.100000000000147
1720603012,4,3,2,4,1.818181818181823
1720603013,150,134,136,158,18.600000000000122
1720603014,135,120,111,119,9.400000000000135
1720603015,157,110,128,143,5.800000000000135
1720603016,0,1,1,1,0.23076923076923173
1720604001,99,76,60,83,25.400000000000198
1720604002,205,198,184,180,-6.299999999999966
1720604003,47,39,31,29,-3.0833333333333504
1720604004,253,176,152,173,7.900000000000273
1720604005,281,214,191,233,4.300000000000067
1720605001,76,74,65,69,-0.25000000000005207
1720605002,188,190,171,175,-18.49999999999973
1720605003,21,23,20,21,2.909090909090907
1720605005,122,114,113,103,-13.79999999999986
1720605006,0,4,1,4,1.9999999999999967
1720606001,21,23,23,17,-4.090909090909106
1720607001,93,96,74,81,18.80000000000006
1720607002,67,61,51,64,13.600000000000014
1720607003,41,31,34,40,6.700000000000064
1720607004,31,26,25,24,-4.749999999999976
1720607005,6,8,19,4,-16.44444444444447
1720608001,168,125,107,142,33.20000000000006
1720608002,118,83,93,109,20.500000000000227
1720608003,60,63,39,49,7.1818181818180875
1720608004,232,230,181,193,14.636363636363532
1720608005,241,187,175,205,6.10000000000026
1720608006,171,144,146,168,19.100000000000325
1720609001,71,68,61,61,-6.499999999999925
1720609002,120,92,98,92,-5.699999999999825
1720609003,116,92,71,86,14.727272727272634
1720609004,55,45,43,49,4.181818181818176
1720609005,69,63,61,65,6.000000000000076
1720609006,11,14,10,10,-0.10000000000000193
1720609007,88,71,74,67,-6.699999999999876
1720610001,99,84,76,82,0.5000000000002542
1720610002,243,225,165,214,48.900000000000134
1720610003,69,59,45,54,9.900000000000034
1720610004,48,37,38,52,10.636363636363578
1720610005,46,33,39,40,1.333333333333299
1720610006,45,42,38,34,-6.090909090909144
1720610007,131,121,86,88,3.2727272727272356
1720610008,125,103,104,105,-4.099999999999856
1720610009,83,76,83,80,-4.000000000000056
1720611002,5,4,3,4,0.3125000000000017
1720611003,113,107,67,114,47.90000000000006
1720611004,109,125,85,110,22.61538461538465
1720611005,15,16,15,18,3.7142857142857135
1720611006,56,43,40,45,0.5000000000000098
1720611007,109,100,72,75,-4.099999999999917
1720611008,54,44,46,42,-11.699999999999912
1720612001,104,109,83,107,23.100000000000094
1720612002,246,222,156,165,1.0000000000004017
1720612003,49,30,21,44,23.500000000000068
1720612004,267,221,161,217,39.900000000000375
1720612005,288,200,203,248,33.00000000000077
1720613001,94,80,79,82,2.000000000000122
1720613002,181,173,131,113,-19.699999999999793
1720613003,156,148,121,124,-12.599999999999575
1720613004,315,319,261,270,-10.299999999999793
1720614001,231,198,161,241,72.90909090909089
1720614002,54,38,28,48,19.00000000000001
1720614003,252,186,181,218,32.20000000000003
1720616001,3,4,4,1,-4.071428571428565
1720616002,43,40,32,30,-5.363636363636397
1720618002,29,26,32,25,-9.692307692307644
1720618003,18,18,19,13,-6.083333333333368
1720618004,6,7,4,5,0.5833333333333346
1720619002,105,72,101,105,6.400000000000132
1720619003,2,0,0,0,-0.35714285714285576
1720620001,28,20,24,34,10.545454545454543
1720620002,88,64,65,72,9.090909090909019
1720620003,48,36,26,47,18.72727272727265
1720620004,25,18,17,23,3.0000000000000018
1720620005,9,7,7,4,-3.3999999999999893
1720620006,3,4,3,4,-0.07142857142856593
1720620007,1,0,0,0,-0.22222222222222143
1720620008,1,1,1,0,-1.9333333333333342
1720701001,127,130,97,66,-25.399999999999736
1720701002,249,244,177,168,-26.199999999999662
1720702001,53,66,42,35,-3.5999999999999326
1720702002,36,55,41,30,-7.9999999999998685
1720702003,39,39,35,28,-10.91666666666667
1720702004,166,181,135,132,2.9773262509740363e-13
1720702005,85,93,89,67,-21.899999999999885
1720702006,41,52,36,38,0.20000000000009727
1720702007,269,299,217,200,-25.999999999999478
1720702008,24,36,17,17,-0.5999999999999638
1720702009,53,54,58,44,-18.000000000000025
1720702010,110,98,94,72,-25.3636363636363
1720702011,130,111,106,90,-29.727272727272897
1720702012,102,108,71,83,9.600000000000096
1720702013,262,236,191,153,-69.39999999999951
1720702014,168,150,141,161,23.749999999999808
1720702015,53,48,47,53,6.818181818181776
1720702016,211,135,164,162,-8.0999999999997
1720702017,160,95,94,111,19.500000000000238
1720702018,142,110,103,100,-10.099999999999888
1720702019,130,101,79,101,12.090909090909054
1720702020,33,23,23,27,2.8000000000000003
1720702021,48,54,30,43,13.80000000000003
1720702022,145,104,120,117,-15.6999999999998
1720702023,160,123,115,116,0.10000000000022227
1720703001,99,51,93,72,-28.699999999999907
1720703002,63,33,45,26,-15.399999999999897
1720703003,77,63,62,48,-17.454545454545546
1720703004,145,125,120,99,-25.199999999999722
1720703005,105,102,83,63,-26.699999999999836
1720703006,34,23,20,16,-2.5999999999999757
1720704001,139,96,132,103,-29.799999999999766
1720704002,87,95,73,42,-23.272727272727366
1720704003,74,64,62,41,-23.363636363636353
1720704004,170,193,132,95,-44.39999999999969
1720704005,191,153,159,149,-37.09999999999989
1720704006,206,157,171,162,-27.19999999999998
1720705001,50,42,48,36,-17.19999999999996
1720705002,26,28,18,18,3.203781094992196e-14
1720705003,92,74,87,67,-21.19999999999999
1720706001,424,323,347,259,-112.49999999999972
1720706002,281,163,187,202,3.4000000000001545
1720707001,327,320,328,306,9.600000000000042
1720707001,327,320,328,306,-49.59999999999944
1720707002,105,74,67,87,7.200000000000159
1720707002,105,74,67,87,19.272727272727305
1720708001,9,9,5,5,4.100000000000003
1720708001,9,9,5,5,1.6363636363636362
1720710001,265,216,197,201,-3.499999999999622
1720710002,126,138,112,111,1.5454545454543396
1720710003,223,259,180,178,-5.599999999999938
1720710004,413,362,325,275,-33.09999999999919
1720710005,148,157,109,110,1.09090909090906
1720710005,148,157,109,110,-1.272727272727416
1720711001,26,9,24,23,-2.583333333333328
1720711002,105,53,74,51,-30.799999999999844
1720711003,74,49,62,26,-32.19999999999995
1720711004,95,53,67,56,-8.800000000000024
1720901016,77,106,78,71,-4.799999999999828
1720901017,103,98,92,90,-7.799999999999839
1720901018,53,52,50,56,1.5000000000000417
1720901999,21,17,12,13,0.10000000000001807
1720902001,15,7,13,15,-0.29999999999999266
1720902002,144,151,121,124,-8.699999999999683
1720902003,85,65,70,72,2.727272727272604
1720902004,30,37,34,29,-3.9999999999999876
1720902005,67,55,45,61,13.699999999999983
1720902006,55,52,45,45,-7.5999999999999375
1720902007,74,76,76,85,5.4000000000000625
1720902008,117,107,94,104,3.7272727272727844
1720902009,62,45,60,50,-9.500000000000039
1720902999,0,0,0,0,-0.2666666666666675
1720904001,220,214,177,141,-40.29999999999993
1720904002,204,192,188,139,-48.49999999999979
1720904003,57,60,52,46,-8.299999999999935
1720904004,176,190,161,172,6.333333333333427
1720904005,120,163,116,104,-4.299999999999725
1720904006,48,63,46,37,-4.1999999999999424
1720904007,169,160,146,137,-13.727272727272846
1720904008,17,28,25,26,4.69999999999999
1720904009,83,65,63,69,2.900000000000107
1720904010,0,0,0,0,-0.2666666666666675
1720904011,191,149,167,147,-36.89999999999972
1720904013,332,319,316,275,-68.59999999999972
1720905001,70,66,44,55,6.800000000000042
1720905002,48,60,38,22,-16.39999999999991
1720905003,183,186,132,146,4.40000000000026
1720905004,75,74,60,59,-2.666666666666649
1720905005,52,53,52,62,5.000000000000032
1721001001,2,2,1,3,2.000000000000003
1721001002,12,10,13,14,-1.6666666666666627
1721001003,5,6,6,8,2.5000000000000044
1721001005,16,10,15,9,-9.999999999999995
1721001006,17,18,18,22,4.79999999999999
1721001007,75,64,73,69,-8.583333333333407
1721001008,146,105,114,126,-0.6999999999998033
1721002001,123,118,107,101,-13.299999999999885
1721002002,204,173,160,171,-14.299999999999825
1721002003,85,85,82,93,3.9000000000000425
1721002004,187,176,162,164,-3.4999999999998677
1721002005,75,66,71,66,-9.49999999999987
1721002006,251,188,215,238,12.900000000000235
1721002007,226,198,172,203,22.8000000000004
1721002008,24,22,17,19,-2.545454545454567
1721002009,81,69,75,85,14.900000000000171
1721002010,227,197,148,163,4.500000000000362
1721003001,176,165,172,159,-27.60000000000003
1721003002,148,114,142,149,5.090909090909119
1721003003,63,66,61,67,2.0000000000000835
1721003004,150,131,129,135,-4.9999999999999165
1721004001,44,46,38,54,12.400000000000047
1721004002,189,190,163,172,-13.499999999999723
1721004003,188,199,142,159,24.6000000000003
1721004004,190,202,139,168,39.10000000000023
1721004005,110,131,97,116,35.60000000000015
1721004006,156,142,137,148,5.81818181818166
1721005001,282,269,255,264,7.20000000000019
1721005002,30,33,37,27,-11.250000000000027
1721005003,74,70,65,72,8.818181818181824
1721005004,69,44,62,63,-0.33333333333332704
1721005005,47,55,44,61,16.727272727272688
1721005006,40,35,33,31,-2.454545454545466
1721005007,155,131,113,131,13.000000000000155
1721005008,72,62,67,72,6.8000000000000895
1721005009,100,108,78,84,0.5000000000000943
1721006001,40,23,26,35,7.416666666666692
1721006002,24,20,14,26,4.600000000000012
1721006003,30,31,28,31,-0.2999999999999564
1721006004,70,52,69,59,-2.181818181818253
1721006005,31,30,22,27,1.3333333333333255
1721006006,147,152,128,130,-13.299999999999642
1721006007,85,88,83,66,-26.399999999999917
1721006008,146,117,126,117,-16.9999999999999
1721006009,77,64,48,60,10.300000000000084
1721006010,95,97,78,87,13.500000000000083
1721006011,168,143,184,152,-40.79999999999965
1721007001,129,94,121,106,-10.899999999999853
1721007002,293,261,308,300,-22.69999999999984
1721007003,125,118,132,119,-16.199999999999754
1721007004,281,244,237,266,-0.19999999999999815
1721008001,322,286,241,271,1.5000000000001728
1721008002,106,107,101,102,3.100000000000088
1721008003,208,227,195,209,32.20000000000011
1721008004,134,125,108,114,8.800000000000065
1721008005,90,75,81,71,-11.699999999999935
1721008006,4,4,3,4,-0.0769230769230702
1721009001,272,214,226,238,-22.300000000000015
1721009002,131,101,128,100,-37.909090909091034
1721009003,88,79,78,83,-1.9999999999999154
1721009004,88,100,73,75,4.300000000000043
1721009005,50,54,48,45,-8.499999999999964
1721009006,169,126,151,146,-6.799999999999934
1721009007,131,112,120,115,-10.363636363636347
1721009008,96,90,93,88,-8.999999999999968
1721009009,63,50,56,49,-9.090909090909143
1721010001,272,254,247,254,-11.600000000000097
1721010002,172,169,158,184,10.299999999999988
1721010003,35,27,35,31,-2.5454545454545507
1721010004,125,88,126,115,-10.599999999999831
1721011001,271,249,224,237,-16.799999999999905
1721011002,32,34,31,36,0.7272727272727462
1721011003,56,49,48,55,7.000000000000018
1721011004,172,186,141,178,47.50000000000025
1721011005,190,189,138,157,1.600000000000301
1721011006,112,109,119,122,2.545454545454557
1721011007,84,88,52,58,-1.1818181818182127
1721011008,35,40,35,40,-0.7272727272727398
1721011009,6,6,8,5,-3.5714285714285494
1721011010,54,52,26,42,8.666666666666636
1721011011,134,132,149,133,-20.59999999999979
1721012001,176,141,137,157,19.800000000000274
1721012002,148,109,129,112,-20.090909090909314
1721012003,84,52,79,75,3.799999999999982
1721012004,264,225,254,267,-9.799999999999727
1721012005,84,63,70,97,25.600000000000165
1721012006,145,98,121,119,3.900000000000129
1721012007,202,186,208,194,-21.2999999999999
1721012008,210,158,187,184,-20.54545454545472
1721012009,80,69,75,74,2.100000000000126
1721013001,181,184,180,181,-7.0999999999998025
1721013002,151,110,114,126,8.600000000000204
1721013003,143,96,103,126,25.272727272727145
1721013004,72,41,66,59,-3.199999999999931
1721013005,90,77,65,80,10.800000000000036
1721013006,149,96,108,117,13.200000000000102
1721013007,186,136,172,175,11.200000000000198
1721013008,177,117,113,129,11.200000000000049
1721013009,134,97,104,119,19.2000000000002
1721013010,92,80,83,80,-8.199999999999944
1721013011,115,94,98,102,5.100000000000235
1721013012,61,38,39,56,19.8
1721014001,105,90,93,90,1.300000000000104
1721015001,96,79,88,86,-0.39999999999986036
1721016001,121,77,90,94,8.363636363636344
1721016002,112,98,84,85,-2.1999999999999127
1721016003,54,50,32,35,0.7000000000000852
1721016004,90,75,104,105,-0.6999999999998707
1721016005,89,99,101,87,-13.99999999999985
1721016006,85,80,88,64,-30.699999999999832
1721016007,200,118,122,170,47.20000000000025
1721016008,127,76,89,103,17.300000000000132
1721017004,4,3,2,2,-0.18181818181817827
1721017005,6,4,7,4,-5.92307692307691
1721018001,207,178,186,200,9.20000000000013
1721018002,98,72,65,85,18.636363636363644
1721018003,109,96,86,90,2.8000000000001015
1721018004,61,50,51,51,-8.799999999999931
1721018005,143,127,140,167,11.900000000000091
1721018006,81,103,89,89,1.3000000000001797
1721018007,118,117,109,119,6.636363636363528
1721018008,38,33,23,31,6.818181818181788
1721018009,101,104,98,93,-14.18181818181841
1721019001,82,63,74,82,2.9090909090908537
1721019002,121,119,96,125,24.600000000000165
1721019003,39,34,39,37,-1.799999999999972
1721019004,123,98,104,109,3.6000000000001022
1721019005,118,107,104,90,-17.699999999999974
1721019006,156,130,128,135,3.3000000000002077
1721019007,142,117,118,132,5.9000000000001585
1721020001,131,118,134,126,-6.999999999999965
1721020002,167,138,134,139,-8.999999999999677
1721020003,77,53,64,72,14.600000000000096
1721020004,71,62,72,68,-2.399999999999922
1721020005,72,53,69,67,3.700000000000027
1721020006,89,67,45,77,30.800000000000086
1721020007,77,57,61,72,13.000000000000078
1721020008,122,97,115,106,-10.399999999999826
1721020009,89,44,68,65,-3.799999999999974
1721021002,32,48,35,34,-3.363636363636426
1721021003,21,14,13,14,-1.5999999999999746
1721021004,109,119,108,95,-12.0000000000001
1721021005,47,47,39,47,4.600000000000086
1721022001,104,85,77,101,26.454545454545425
1721022002,33,26,17,33,16.64285714285707
1721022003,86,46,47,75,30.300000000000036
1721022004,5,5,7,5,-2.9999999999999964
1721022006,4,5,1,1,-1.5833333333333337
1721022008,1,1,1,0,-1.9333333333333342
1721023001,113,92,117,114,-1.9999999999998488
1721023002,65,50,64,54,-13.272727272727323
1721023003,20,20,25,26,1.3333333333333055
1721023004,11,15,6,9,1.7272727272727209
1721023005,36,41,35,32,-5.599999999999975
1721023006,32,28,28,32,4.19999999999999
1721023007,23,17,17,26,8.799999999999997
1721024001,115,105,106,108,0.10000000000005924
1721024002,145,126,93,124,21.200000000000102
1721024003,140,112,112,148,28.900000000000055
1721024004,26,44,48,33,-17.00000000000004
1721024005,123,100,81,120,31.80000000000009
1721024006,217,183,165,213,48.60000000000037
1721024007,52,51,45,34,-11.399999999999926
1721024008,42,30,48,37,-8.899999999999938
1721024009,27,29,28,31,4.454545454545406
1721024010,75,63,48,77,25.36363636363632
1721024011,66,62,50,62,10.300000000000031
1721024012,93,87,91,94,-3.333333333333455
1721024013,33,42,40,52,10.400000000000022
1721024014,14,35,29,39,6.599999999999999
1721024017,0,1,1,0,-0.7692307692307665
1721024019,3,3,2,1,-0.9999999999999972
1721024020,1,5,5,6,5.1231392349909455e-15
1721024022,22,24,25,29,3.599999999999991
1721024023,52,28,51,46,-5.999999999999959
1721024024,171,140,108,171,61.00000000000019
1721024025,99,97,100,98,-4.2727272727273915
1721024026,180,146,159,183,22.200000000000433
1721024027,191,135,173,174,-1.5999999999999428
1721024028,69,79,76,78,-0.8999999999998475
1721024029,9,12,13,7,-6.923076923076887
1721025002,6,6,6,3,-3.571428571428555
1721025003,4,5,2,2,-1.5833333333333393
1721025006,2,0,1,1,-0.3571428571428552
1721026005,1,1,0,0,-0.9333333333333317
1721101001,320,251,241,250,-14.299999999999441
1721101002,93,109,80,84,10.90000000000015
1721101003,162,208,158,164,-5.199999999999785
1721101004,137,127,131,122,-20.299999999999773
1721101005,281,253,229,229,-8.099999999999982
1721101006,57,59,45,46,-4.699999999999904
1721101007,164,184,139,136,-4.09999999999972
1721101008,125,95,113,109,-12.40000000000003
1721101009,112,89,101,102,3.5000000000000595
1721101010,252,243,193,185,-22.99999999999986
1721101011,72,68,80,77,-7.899999999999829
1721101012,75,56,57,52,0.9999999999998553
1721101013,11,16,10,10,-2.0833333333333317
1721101014,37,36,37,38,1.1333333333334112
1721101015,52,53,29,39,5.000000000000053
1721101016,15,7,9,9,-2.2999999999999923
1721102001,147,147,112,109,-9.59999999999977
1721102002,154,118,107,122,15.300000000000042
1721102003,283,244,190,218,-1.1999999999998625
1721103001,362,318,292,349,58.00000000000057
1721103002,130,100,90,102,2.0909090909089136
1721103003,121,97,122,100,-23.399999999999903
1721103004,129,117,114,105,-14.333333333333343
1721103005,288,224,223,243,-19.999999999999655
1721103006,143,115,132,141,2.8000000000000975
1721103007,202,156,169,170,-17.39999999999978
1721103008,107,83,88,72,-13.799999999999878
1721103009,113,113,114,111,-12.699999999999873
1721104001,127,132,118,123,17.200000000000173
1721105001,31,34,22,37,10.499999999999984
1721105002,63,71,63,58,2.90000000000002
1721105003,63,57,47,51,1.3000000000000458
1721106001,107,58,81,99,10.000000000000183
1721106002,53,22,45,39,-9.90909090909097
1721106003,135,75,75,115,40.60000000000003
1721107001,78,80,57,88,31.090909090909012
1721107002,58,51,57,57,-6.499999999999971
1721107003,47,27,33,32,-2.9166666666667376
1721107004,127,129,92,98,-1.166666666666782
1721107005,138,142,138,115,-34.29999999999984
1721107006,69,90,72,89,17.000000000000064
1721107007,6,5,4,3,-0.7999999999999959
1721108001,23,22,17,22,-0.49999999999999295
1721108002,20,15,20,14,-6.999999999999999
1721108003,26,18,18,13,-6.833333333333336
1721108004,13,11,23,17,-8.999999999999986
1721108005,81,70,66,45,-20.19999999999982
1721108006,17,27,19,32,14.599999999999973
1721108007,66,80,43,67,23.100000000000144
1721108008,20,28,16,22,6.545454545454526
1721108009,71,53,51,71,24.41666666666669
1721108010,42,34,43,39,-1.1999999999999598
1721108011,36,22,38,31,-8.70000000000001
1721108012,99,105,102,97,-12.799999999999892
1721109001,159,106,122,121,-20.0999999999999
1721109002,132,105,106,100,-15.199999999999886
1721109003,201,171,182,177,-28.399999999999764
1721109004,132,120,133,131,1.300000000000054
1721109005,52,43,45,48,-4.79999999999997
1721109006,10,12,12,8,-6.071428571428543
1721109007,64,58,41,54,9.600000000000025
1721109008,41,29,31,33,-1.7999999999999274
1721109009,35,28,21,29,6.600000000000008
1721109010,115,133,127,127,16.50000000000004
1721109011,99,88,77,83,0.7000000000001294
1721109012,56,44,44,35,-8.999999999999876
1721109013,33,26,28,29,1.6428571428570933
1721109014,20,19,16,24,9.846153846153893
1721109015,36,26,34,34,-1.9166666666666619
1721109016,118,103,100,118,15.600000000000058
1721109017,86,86,81,71,-18.999999999999893
1721109018,38,36,35,34,-0.30000000000000776
1721109019,131,108,106,109,-7.899999999999858
1721109020,47,46,45,47,-1.299999999999977
1721109021,124,130,127,117,-5.299999999999794
1721109022,0,0,0,0,-0.2666666666666675
1721109023,5,17,10,5,-9.699999999999982
1721201001,16,21,17,22,4.099999999999972
1721201002,22,23,16,19,-0.78571428571426
1721201003,11,8,8,10,-0.24999999999999448
1721201004,44,42,29,36,5.91666666666665
1721201005,5,6,5,5,0.5000000000000023
1721201006,8,11,12,11,-1.3333333333333315
1721202001,30,35,25,22,-5.1666666666666625
1721202002,32,37,30,29,-1.7142857142856731
1721202003,22,28,26,19,-6.909090909090938
1721202004,15,10,9,9,-1.6153846153845963
1721202005,123,87,104,114,12.100000000000136
1721202006,8,9,8,9,1.636363636363635
1721202007,25,19,18,20,-0.4999999999999834
1721202008,26,23,25,25,-6.799999999999967
1721202009,38,24,13,23,8.909090909090885
1721202010,12,11,8,6,-4.999999999999998
1721203001,289,276,266,277,3.0000000000006652
1721203002,244,235,232,266,25.79999999999986
1721203003,73,84,80,75,-6.799999999999845
1721203004,13,14,17,15,0.7272727272727141
1721203005,20,28,24,25,1.5454545454545252
1721203006,9,12,6,12,5.076923076923069
1721203007,13,8,10,8,-5.899999999999987
1721203008,42,40,41,44,-1.5454545454545938
1721203009,49,56,56,51,-10.307692307692221
1721203010,269,259,285,268,-24.099999999999746
1721203011,7,6,3,3,0.600000000000008
1721203012,8,9,2,6,4.636363636363634
1721203013,211,220,203,245,35.60000000000021
1721203014,138,135,136,133,-9.799999999999878
1721204001,81,74,77,76,-0.9999999999998892
1721204002,0,2,1,3,1.800000000000001
1721204003,9,9,7,9,3.636363636363632
1721204004,43,37,38,38,-1.9999999999999762
1732400001,6,6,6,4,-2.5714285714285503
1732400002,275,195,266,239,-35.799999999999606
1732400003,167,134,134,139,-0.6999999999998205
1732400004,394,372,312,315,38.30000000000106
1732400005,154,146,116,121,-1.299999999999797
1732400006,44,48,50,36,-15.916666666666664
1732400007,69,74,34,65,31.80000000000013
1732400008,106,74,74,97,21.400000000000098
1732400009,200,183,147,155,2.900000000000005
1732400010,141,153,112,136,20.400000000000208
1732400011,188,160,132,171,27.60000000000031
1732400012,123,109,78,105,18.90000000000002
1732400013,58,52,46,56,0.9000000000000674
1732400014,281,273,221,264,39.900000000000254
1732400015,124,121,90,116,18.181818181818034
1732400016,161,141,123,144,6.9000000000001105
1736101001,27,39,26,33,9.666666666666666
1736101002,79,66,71,67,-2.8333333333333393
1736101003,11,10,9,8,-2.999999999999988
1736101004,26,41,20,31,10.928571428571406
1736102001,110,111,110,110,-7.5833333333333215
1736102002,436,312,406,385,-49.49999999999971
1736102003,95,97,86,111,29.50000000000008
1736102004,108,108,92,98,8.500000000000128
1736102005,39,28,35,36,1.1000000000000527
1736103001,23,20,18,21,-3.5833333333333415
1736103002,193,193,184,169,-21.090909090909562
1736103003,100,97,113,88,-35.36363636363645
1736103004,9,7,16,9,-7.400000000000008
1736103005,522,445,466,440,-32.19999999999966
1736104001,19,37,18,20,-3.2727272727272876
1736105001,50,46,56,39,-18.89999999999989
1736105002,28,17,29,22,-7.899999999999962
1736105003,45,38,34,33,-4.909090909090924
1736105004,32,35,26,21,-9.846153846153733
1736105005,39,67,40,51,14.400000000000087
1736105006,71,75,55,48,-9.399999999999878
1736105007,1,3,1,4,2.916666666666667
1736105008,5,6,3,7,4.499999999999988
1736105009,1,0,0,1,0.7777777777777768
1736105010,6,3,2,1,-2.3333333333333344
1736105011,12,17,13,10,-3.5000000000000067
1736105012,66,54,59,52,-7.499999999999967
1736105013,117,128,92,108,28.200000000000195
1736105014,10,19,7,11,5.100000000000014
1736105015,21,18,26,24,-4.199999999999991
1736105016,27,43,38,27,-13.000000000000043
1736105017,13,24,21,13,-4.750000000000025
1736105018,18,22,22,14,-7.727272727272746
1736105019,30,36,30,35,3.0000000000000404
1736105020,13,14,8,15,9.727272727272725
1736105021,14,16,8,13,6.727272727272717
1736105022,9,14,10,7,-7.363636363636364
1736105023,5,9,7,6,-1.999999999999994
1736105024,29,23,10,19,1.6000000000000263
1736105025,19,25,20,20,-2.7999999999999767
1736105026,6,11,7,8,1.6254224411428118e-14
1736105027,3,4,4,2,-3.0714285714285667
1736105028,23,25,17,23,7.300000000000015
1736105029,27,30,25,28,5.800000000000028
1736106001,16,21,17,11,-6.900000000000002
1736106002,20,18,22,18,-4.454545454545467
1736106003,31,39,33,32,0.1818181818181268
1736106004,24,66,69,53,-9.500000000000066
1736106005,45,58,58,48,-14.36363636363635
1736106006,65,85,84,84,2.909090909090977
1736106007,80,86,75,70,-10.20000000000002
1736106008,65,60,45,56,4.909090909090861
1736106009,59,76,62,52,-6.499999999999898
1736106010,19,18,15,8,-6.999999999999979
1736106011,48,80,70,81,10.400000000000032
1736106012,24,40,17,23,5.363636363636342
1736106013,127,140,119,134,10.400000000000112
1736106014,131,137,121,119,6.600000000000344
1736106015,25,32,25,26,1.9999999999999958
1736106016,30,39,27,25,1.5999999999999934
1736106017,22,31,13,15,1.5454545454545214
1736106018,8,12,3,8,4.692307692307689
1736106019,117,118,119,93,-29.499999999999993
1736107001,84,83,61,70,-3.199999999999905
1736107002,219,226,181,175,-23.999999999999652
1736107003,79,84,67,80,5.272727272727191
1736107004,170,145,149,124,-27.89999999999971
1736107005,69,72,65,54,-8.999999999999902
1736107006,10,19,13,15,3.100000000000017
1736107007,14,37,18,19,-3.899999999999943
1736107008,50,60,30,40,11.000000000000036
1736107009,19,22,19,13,-6.750000000000004
1736107010,8,10,6,11,7.400000000000001
1736107011,77,88,73,62,-11.899999999999965
1736107012,62,65,67,69,0.4000000000000718
1736107013,0,0,0,1,0.7333333333333345
1736107014,463,338,410,391,-43.59999999999967
1736107015,291,279,240,198,-55.29999999999932
1736107016,114,102,84,101,12.200000000000149
1736108001,74,88,66,74,9.200000000000102
1736108002,37,51,36,39,4.0000000000000355
1736108003,34,53,35,51,18.30000000000004
1736108004,26,35,18,27,11.100000000000012
1736108005,20,24,18,17,1.0000000000000078
1736108006,16,26,10,18,9.899999999999984
1736500001,3,4,4,0,-5.071428571428559
1736500002,164,164,161,111,-41.299999999999834
1736500003,33,28,34,15,-19.999999999999996
1736500004,71,68,66,31,-41.49999999999986
1736500005,3,4,2,3,-0.07142857142857284
1736500006,42,52,42,23,-21.181818181818247
1738402001,4,4,4,2,20.400000000000116
1738402001,4,4,4,2,-3.076923076923065
1738404001,0,0,0,0,2.100000000000216
1738404001,0,0,0,0,-0.2666666666666675
1738601001,86,81,89,73,-26.09999999999984
1738601002,242,235,225,202,-24.50000000000005
1738601003,47,55,42,39,-3.272727272727304
1738601004,47,45,48,36,-17.727272727272783
1738601006,159,123,144,114,-31.545454545454646
1738601007,72,85,75,53,-25.54545454545459
1738601008,36,53,31,26,-2.3333333333333126
1738601009,132,144,122,111,-22.09999999999986
1738601010,16,25,15,11,-0.10000000000000235
1738601011,14,14,16,9,-3.6000000000000023
1738601012,0,0,0,0,-0.2666666666666675
1738601013,2,6,1,7,5.333333333333336
1738601014,1,0,0,0,-0.22222222222222143
1738601015,1,0,0,1,0.7777777777777768
1738601016,4,5,2,1,-2.5833333333333424
1738601017,20,24,21,27,7.999999999999999
1738601018,48,52,33,38,7.100000000000021
1738601019,4,23,12,10,-1.727272727272738
1738601020,6,6,4,1,-3.57142857142856
1738601021,9,12,10,7,-3.923076923076915
1738601022,38,48,34,43,2.727272727272702
1738601023,374,238,275,247,-39.2999999999996
1738601024,156,143,120,127,0.700000000000095
1738601025,339,276,239,203,-74.39999999999945
1738602001,61,68,61,53,-3.9090909090910064
1738602002,20,19,22,18,-2.15384615384609
1738603001,180,162,143,128,-20.2999999999997
1738603002,148,120,122,131,5.100000000000092
1738603003,68,61,59,61,5.090909090909011
1738603004,58,35,47,38,-1.5999999999999615
1738603005,93,58,79,64,-12.099999999999897
1738603006,62,39,56,60,4.60000000000005
1738603007,99,91,102,91,-12.727272727272737
1738603008,94,108,82,91,16.70000000000018
1738603009,32,38,29,30,-3.000000000000042
1738604001,195,183,185,170,-18.099999999999977
1738604002,149,158,151,124,-33.29999999999998
1738604003,43,30,32,36,4.083333333333322
1738604004,22,23,21,18,-6.785714285714249
1738605001,28,27,24,18,-8.071428571428534
1738605002,16,19,9,14,5.10000000000001
1738605003,45,45,23,28,2.8181818181818064
1738605004,213,245,172,163,-6.099999999999788
1738605005,246,261,200,188,-5.099999999999686
1738605006,139,125,120,109,-11.599999999999786
1738606001,123,117,115,110,-9.099999999999811
1738606002,58,70,51,43,-7.399999999999943
1738606003,37,30,36,28,-7.899999999999934
1738607001,85,76,85,66,-22.79999999999985
1738607002,31,21,24,18,-10.499999999999998
1738607003,113,101,101,94,-13.999999999999893
1740704004,3,5,1,3,4.999999999999745
1740704004,3,5,1,3,-0.19999999999999254
1740704005,5,7,7,1,-6.411764705882365
1740704006,41,52,19,19,4.500000000000099
1740704006,41,52,19,19,-1.7999999999999383
1740708004,5,3,4,6,-5.5999999999999615
1740708004,5,3,4,6,0.7000000000000003
1740708005,2,2,1,3,-6.461538461538438
1740708005,2,2,1,3,2.000000000000003
1740708006,24,13,14,17,-4.076923076923061
1740708006,24,13,14,17,-1.3999999999999817
